auskunft,Art,stunde,monat,gespraeche,summe_dauer,avg_dauer,0,bis_10,bis_20,bis_30,bis_40,bis_50,bis_60,bis_70,bis_80,bis_90,bis_100,bis_110,bis_120,bis_130,bis_140,bis_150,bis_160,bis_170,bis_180,bis_190,bis_200,bis_210,bis_220,bis_230,bis_240,bis_250,bis_260,bis_270,bis_280,bis_290,bis_300,bis_360,bis_420,bis_480,bis_540,bis_600,bis_1200,bis_1800,bis_2400,bis_3000,ab_3001,Max,Anzahl,Kategorie(1.te),Max_Wert_Kategorie
11811,Alle,0,03_2019,14,1033,73.8,2,2,3,1,0,1,1,0,1,2,0,1,0,0,0,0,0,0,0,0,0,1,0,0,0,0,0,0,0,1,0,0,0,0,0,0,0,0,0,0,0,3,1,bis_20,
11811,Alle,1,03_2019,15,727,48.5,2,3,1,3,1,3,0,0,1,0,1,0,1,0,0,0,0,0,0,1,0,0,0,0,0,0,0,0,0,0,0,0,0,0,0,0,0,0,0,0,0,3,3,bis_10,Max_Wert_ist_mehrfach_vorhanden!
11811,Alle,2,03_2019,18,1133,62.9,1,2,1,4,3,0,0,3,1,0,1,2,0,0,0,0,0,0,0,0,0,0,0,0,0,0,0,0,0,0,0,1,0,0,0,0,0,0,0,0,0,4,1,bis_30,
11811,Alle,3,03_2019,16,1015,63.4,1,3,2,1,2,2,1,0,0,1,0,1,0,0,1,1,0,0,0,0,0,0,0,0,0,0,1,0,0,0,0,0,0,0,0,0,0,0,0,0,0,3,1,bis_10,
11811,Alle,4,03_2019,13,885,68.1,1,1,1,0,0,1,1,5,1,0,1,0,0,1,0,1,0,0,0,0,0,0,0,0,0,0,0,0,0,0,0,0,0,0,0,0,0,0,0,0,0,5,1,bis_70,
11811,Alle,5,03_2019,12,808,67.3,3,2,0,0,2,1,0,2,0,1,0,1,2,1,0,0,0,0,0,0,0,0,0,0,0,0,0,0,0,0,0,0,0,0,0,0,0,0,0,0,0,2,4,bis_10,Max_Wert_ist_mehrfach_vorhanden!
11811,Alle,6,03_2019,37,2453,66.3,2,3,2,4,2,3,4,2,4,3,1,3,2,2,0,1,1,0,0,0,0,0,0,0,0,0,0,0,0,0,0,0,0,0,0,0,0,0,0,0,0,4,3,bis_30,Max_Wert_ist_mehrfach_vorhanden!
11811,Alle,7,03_2019,205,14226,69.4,10,9,7,9,14,28,25,30,18,24,12,6,6,3,5,2,1,2,1,0,1,0,0,1,0,0,0,0,0,0,0,1,0,0,0,0,0,0,0,0,0,30,1,bis_70,
11811,Alle,8,03_2019,731,53557,73.3,77,15,18,12,61,102,111,99,67,60,49,34,25,21,14,9,7,7,4,4,3,3,1,0,4,0,0,0,1,0,0,0,0,0,0,0,0,0,0,0,0,111,1,bis_60,
11811,Alle,9,03_2019,1269,97153,76.6,108,25,20,34,97,158,185,159,142,98,84,72,49,36,25,14,14,11,9,7,3,6,6,2,1,1,2,2,0,1,0,5,1,0,0,0,0,0,0,0,0,185,1,bis_60,
11811,Alle,10,03_2019,1449,112805,77.9,160,22,14,38,91,182,231,184,156,139,92,79,58,31,24,25,16,10,13,10,6,6,3,2,2,0,4,0,2,4,2,2,0,0,0,0,1,0,0,0,0,231,1,bis_60,
11811,Alle,11,03_2019,1202,94857,78.9,98,30,17,27,66,143,192,134,113,119,97,73,52,29,24,14,9,19,5,5,5,6,5,2,2,3,1,2,1,1,1,3,0,0,0,2,0,0,0,0,0,192,1,bis_60,
11811,Alle,12,03_2019,805,62464,77.6,31,23,17,26,65,106,106,92,76,61,51,47,30,20,14,18,11,6,6,3,6,1,2,0,3,3,3,1,1,2,2,2,1,0,0,0,0,0,0,0,0,106,2,bis_50,Max_Wert_ist_mehrfach_vorhanden!
11811,Alle,13,03_2019,732,57297,78.3,42,16,19,18,53,89,95,98,74,54,51,40,34,19,17,10,10,4,7,6,3,1,1,3,1,0,1,1,0,0,1,4,2,0,0,0,0,0,0,0,0,98,1,bis_70,
11811,Alle,14,03_2019,787,62733,79.7,30,22,12,25,54,88,111,96,81,72,50,39,26,24,13,17,5,5,9,6,6,3,3,6,1,1,4,2,2,0,0,2,2,0,0,0,0,0,0,0,0,111,1,bis_60,
11811,Alle,15,03_2019,746,58612,78.6,46,32,19,23,44,94,103,88,73,57,40,51,28,18,3,12,11,11,9,4,2,0,1,1,6,5,1,0,0,4,1,3,1,0,0,0,1,0,0,0,0,103,1,bis_60,
11811,Alle,16,03_2019,682,53076,77.8,55,19,17,15,49,81,96,92,72,63,32,42,21,16,12,11,13,5,5,1,0,1,1,2,2,4,1,2,0,0,1,3,2,1,0,0,0,0,0,0,0,96,1,bis_60,
11811,Alle,17,03_2019,584,47460,81.3,88,21,6,10,40,72,76,77,52,49,33,27,24,30,13,6,8,10,4,5,2,3,2,2,6,0,0,0,1,0,2,1,1,1,0,0,0,0,0,0,0,77,1,bis_70,
11811,Alle,18,03_2019,415,30511,73.5,43,25,10,11,34,37,67,49,47,29,26,21,14,7,9,5,5,2,5,3,2,0,2,1,0,0,0,0,1,0,0,1,2,0,0,0,0,0,0,0,0,67,1,bis_60,
11811,Alle,19,03_2019,286,21011,73.5,70,11,18,11,21,38,27,34,31,25,16,8,13,5,3,4,4,2,6,2,0,1,2,0,0,0,1,0,1,0,1,0,1,0,0,0,0,0,0,0,0,38,1,bis_50,
11811,Alle,20,03_2019,171,13655,79.9,24,11,11,10,16,18,17,14,14,7,6,9,7,4,4,4,0,2,2,5,2,1,1,0,0,1,0,0,1,0,1,2,0,1,0,0,0,0,0,0,0,18,1,bis_50,
11811,Alle,21,03_2019,77,6199,80.5,9,3,1,6,5,10,9,5,5,7,7,4,5,3,0,2,0,1,0,0,1,1,0,0,1,0,0,0,0,0,0,0,0,1,0,0,0,0,0,0,0,10,1,bis_50,
11811,Alle,22,03_2019,47,3005,63.9,6,6,3,6,4,5,6,6,2,2,0,0,2,0,0,0,0,0,1,1,1,0,1,0,0,0,0,0,0,0,0,1,0,0,0,0,0,0,0,0,0,6,4,bis_10,Max_Wert_ist_mehrfach_vorhanden!
11811,Alle,23,03_2019,26,1847,71,0,2,2,3,3,3,0,4,2,1,0,0,2,0,0,0,0,2,1,0,0,0,0,0,0,1,0,0,0,0,0,0,0,0,0,0,0,0,0,0,0,4,1,bis_70,
11833,Alle,0,03_2019,1915,127029,66.3,187,229,86,107,175,364,170,101,136,121,95,77,47,41,28,23,11,17,14,10,10,6,6,4,4,1,5,1,2,1,0,12,4,4,0,1,1,1,0,0,0,364,1,bis_50,
11833,Alle,1,03_2019,1374,93537,68.1,99,154,80,101,146,235,95,79,78,94,67,39,32,32,27,18,7,18,7,9,6,9,4,5,3,3,4,2,1,2,5,3,3,1,1,0,3,1,0,0,0,235,1,bis_50,
11833,Alle,2,03_2019,1051,78098,74.3,77,108,59,87,106,132,66,51,72,60,64,49,31,31,22,11,19,14,9,6,7,7,2,6,3,2,4,3,0,2,4,7,3,2,0,0,2,0,0,0,0,132,1,bis_50,
11833,Alle,3,03_2019,1007,64203,63.8,80,166,74,108,77,113,58,60,58,66,42,43,31,22,16,10,9,9,7,3,3,3,3,4,3,4,2,1,1,0,1,2,2,1,2,0,3,0,0,0,0,166,1,bis_10,
11833,Alle,4,03_2019,894,62211,69.6,83,111,59,98,77,91,51,52,67,53,50,30,37,22,17,11,11,14,5,4,3,4,2,2,0,2,2,4,0,0,1,3,3,1,4,2,1,0,0,0,0,111,1,bis_10,
11833,Alle,5,03_2019,1308,95792,73.2,161,157,77,131,96,100,77,94,103,104,82,59,45,36,20,25,12,12,10,9,7,6,11,3,3,2,3,0,1,1,4,7,4,3,1,0,2,1,0,0,0,157,1,bis_10,
11833,Alle,6,03_2019,3125,245193,78.5,401,310,182,301,150,147,188,197,249,273,241,207,127,120,80,67,51,43,24,40,22,21,8,12,11,6,7,6,2,2,5,12,4,3,3,0,4,0,0,0,0,310,1,bis_10,
11833,Alle,7,03_2019,12023,1068404,88.9,1589,796,386,551,357,467,633,939,1211,1386,1286,949,717,517,375,304,247,164,122,110,78,73,53,41,41,46,17,18,16,13,18,52,21,3,5,2,9,0,0,0,0,1386,1,bis_90,
11833,Alle,8,03_2019,38663,3687044,95.4,2453,1716,673,947,840,1342,2189,3237,4155,4848,4335,3395,2445,1832,1484,1060,805,640,516,382,324,233,207,170,152,121,95,81,53,41,55,150,78,22,21,7,12,0,0,0,0,4848,1,bis_90,
11833,Alle,9,03_2019,61038,5929111,97.1,3527,2560,1036,1277,1191,1951,3443,4919,6449,7655,6938,5356,4122,3087,2295,1753,1384,1013,858,740,553,407,357,278,239,180,128,104,108,106,90,267,97,44,26,5,20,2,0,0,0,7655,1,bis_90,
11833,Alle,10,03_2019,67650,6641187,98.2,3946,2862,1124,1364,1312,2257,3777,5430,6886,8343,7606,6004,4656,3454,2569,1969,1573,1230,940,793,551,485,397,292,257,230,179,164,132,112,105,310,128,70,29,26,30,4,0,0,0,8343,1,bis_90,
11833,Alle,11,03_2019,61451,5934246,96.6,3428,2996,1203,1498,1281,2073,3550,4994,6341,7290,6807,5221,3978,2980,2267,1791,1316,1118,816,757,559,426,368,256,229,198,154,117,116,90,90,306,114,62,27,17,44,1,0,0,0,7290,1,bis_90,
11833,Alle,12,03_2019,42214,3919735,92.9,2558,2714,1053,1284,976,1638,2510,3437,4302,4939,4333,3352,2537,1963,1384,1113,880,666,571,427,347,300,197,200,164,129,131,96,71,59,48,192,97,35,33,8,27,1,0,0,0,4939,1,bis_90,
11833,Alle,13,03_2019,38827,3628592,93.5,2828,2546,1012,1169,933,1494,2332,3115,3841,4326,3942,3100,2310,1808,1394,1040,785,633,547,390,345,266,216,215,151,128,131,98,74,74,55,191,76,29,18,13,29,1,0,0,0,4326,1,bis_90,
11833,Alle,14,03_2019,40544,3826840,94.4,3107,2319,989,1187,1022,1503,2376,3318,4115,4745,4022,3323,2460,1951,1459,1139,854,718,524,386,315,275,232,197,153,140,105,99,81,71,71,192,95,44,26,11,27,0,0,0,0,4745,1,bis_90,
11833,Alle,15,03_2019,40952,3844580,93.9,3151,2467,1101,1274,993,1535,2499,3161,4047,4647,4231,3380,2405,1882,1437,1104,936,699,567,407,400,287,235,194,154,132,95,88,66,62,59,225,77,41,21,15,28,1,0,0,0,4647,1,bis_90,
11833,Alle,16,03_2019,39582,3698195,93.4,3324,2406,1064,1236,1003,1624,2432,3077,3919,4401,4045,3180,2412,1819,1372,1084,785,660,514,450,349,296,225,172,145,124,126,72,62,73,58,210,80,45,29,10,21,2,0,0,0,4401,1,bis_90,
11833,Alle,17,03_2019,33214,3074250,92.6,3193,2230,967,1060,966,1500,2024,2631,3090,3481,3327,2546,2017,1463,1156,940,673,544,446,367,267,234,192,146,126,125,102,88,71,50,45,165,89,37,24,6,19,0,0,0,0,3481,1,bis_90,
11833,Alle,18,03_2019,25182,2219345,88.1,2581,2055,902,950,894,1394,1753,1957,2291,2513,2239,1761,1309,1074,736,618,485,405,324,222,207,166,135,124,87,85,74,50,36,43,33,121,54,24,17,12,31,1,0,0,0,2513,1,bis_90,
11833,Alle,19,03_2019,19019,1618830,85.1,2224,1713,759,754,754,1264,1332,1488,1656,1769,1607,1297,1024,725,540,413,359,271,209,169,124,110,93,90,62,63,44,35,35,24,25,116,41,21,11,9,10,3,0,0,0,1769,1,bis_90,
11833,Alle,20,03_2019,11750,958190,81.5,1563,1143,555,531,579,906,842,895,991,1022,932,705,559,432,308,226,187,165,128,92,80,84,59,45,40,37,28,16,16,14,7,63,25,17,7,3,9,2,0,0,0,1143,1,bis_10,
11833,Alle,21,03_2019,6612,505153,76.4,1194,718,324,351,401,758,488,443,507,491,458,346,264,203,156,123,105,82,72,56,40,25,20,25,16,15,9,9,17,9,7,42,13,9,1,1,8,0,0,0,0,758,1,bis_50,
11833,Alle,22,03_2019,4266,295858,69.4,608,533,239,245,395,650,314,246,266,259,216,184,134,110,84,69,51,42,30,30,18,19,19,11,12,10,11,11,6,3,7,15,13,4,3,3,3,1,0,0,0,650,1,bis_50,
11833,Alle,23,03_2019,2894,201934,69.8,388,336,154,174,307,492,210,157,191,191,137,104,81,60,44,34,37,18,22,14,10,9,7,12,11,9,9,6,11,5,5,13,9,4,4,1,4,2,0,0,0,492,1,bis_50,
11834,Alle,0,03_2019,94,6125,65.2,36,23,16,29,0,2,2,1,0,3,0,2,1,1,0,0,1,2,1,1,1,1,0,0,0,1,0,0,1,1,0,1,2,0,0,0,1,0,0,0,0,29,1,bis_30,
11834,Alle,1,03_2019,88,4746,53.9,27,27,19,16,3,1,4,1,1,1,0,2,1,0,2,1,2,2,0,0,1,0,1,0,0,1,0,0,0,0,0,0,0,1,0,0,1,0,0,0,0,27,1,bis_10,
11834,Alle,2,03_2019,34,2062,60.6,15,5,3,14,1,1,0,1,1,1,0,0,1,2,0,0,0,0,0,0,1,2,0,0,0,0,0,0,0,0,0,0,1,0,0,0,0,0,0,0,0,14,1,bis_30,
11834,Alle,3,03_2019,43,2772,64.5,15,12,4,8,1,3,0,2,2,1,2,0,1,1,1,0,0,0,1,0,0,0,0,1,1,0,0,0,0,1,0,0,0,1,0,0,0,0,0,0,0,12,1,bis_10,
11834,Alle,4,03_2019,34,1940,57.1,6,5,8,9,1,0,0,0,1,0,1,2,1,0,1,2,1,0,0,0,0,1,0,1,0,0,0,0,0,0,0,0,0,0,0,0,0,0,0,0,0,9,1,bis_30,
11834,Alle,5,03_2019,50,3354,67.1,20,15,10,9,1,1,0,1,0,0,1,1,2,0,0,1,2,0,1,1,2,0,0,0,0,0,0,1,0,0,0,0,0,0,0,0,1,0,0,0,0,15,1,bis_10,
11834,Alle,6,03_2019,150,9062,60.4,51,42,24,36,3,3,3,2,2,0,4,4,4,1,1,1,0,2,3,0,1,1,1,4,0,0,0,1,1,1,1,1,0,2,1,0,0,0,0,0,0,42,1,bis_10,
11834,Alle,7,03_2019,373,20446,54.8,135,105,62,66,17,5,10,8,10,8,13,14,6,6,5,5,2,4,4,1,4,0,1,1,2,1,1,1,2,0,2,3,1,1,1,0,1,0,0,0,0,105,1,bis_10,
11834,Alle,8,03_2019,932,60654,65.1,374,227,111,151,29,21,21,23,23,35,37,50,45,21,23,15,22,8,8,11,8,4,6,4,3,0,4,2,1,4,2,5,3,3,0,1,1,0,0,0,0,227,1,bis_10,
11834,Alle,9,03_2019,1505,114736,76.2,612,261,146,211,69,30,40,60,65,61,74,68,80,51,50,34,32,24,32,13,19,10,14,9,7,2,5,4,4,5,3,13,5,1,2,0,1,0,0,0,0,261,1,bis_10,
11834,Alle,10,03_2019,1812,146160,80.7,786,308,168,241,71,51,43,62,65,87,95,96,78,74,61,36,45,27,37,15,20,19,13,12,16,12,5,3,5,7,4,17,11,3,3,1,1,0,0,0,0,308,1,bis_10,
11834,Alle,11,03_2019,1832,144265,78.7,633,296,156,273,107,59,40,54,55,88,115,93,61,74,50,38,49,34,24,20,11,20,16,17,7,14,9,7,8,3,3,11,11,4,3,1,1,0,0,0,0,296,1,bis_10,
11834,Alle,12,03_2019,1445,98851,68.4,471,313,182,236,65,37,36,40,49,48,64,66,45,45,27,24,19,18,13,18,10,9,8,8,4,6,7,2,1,4,6,14,11,6,1,1,2,0,0,0,0,313,1,bis_10,
11834,Alle,13,03_2019,1378,96145,69.8,486,298,167,231,61,40,38,37,46,44,50,38,41,48,31,20,27,19,17,13,12,8,8,13,11,10,2,6,8,3,4,10,8,3,4,1,1,0,0,0,0,298,1,bis_10,
11834,Alle,14,03_2019,1403,99198,70.7,506,269,169,230,56,41,36,41,42,60,64,52,55,47,34,36,30,17,12,14,10,11,7,11,5,2,6,4,4,3,6,19,6,2,1,1,0,0,0,0,0,269,1,bis_10,
11834,Alle,15,03_2019,1505,102279,68,555,320,206,239,67,31,33,41,39,44,52,77,53,45,47,30,30,24,10,26,9,7,11,8,4,6,6,4,3,2,2,13,5,5,4,2,0,0,0,0,0,320,1,bis_10,
11834,Alle,16,03_2019,1584,116968,73.8,629,313,206,245,90,48,35,36,40,49,69,54,53,53,42,26,31,25,16,17,11,9,10,6,9,9,11,8,4,6,8,20,12,8,3,0,2,0,0,0,0,313,1,bis_10,
11834,Alle,17,03_2019,1525,101423,66.5,727,373,214,216,79,32,36,30,44,41,53,50,56,43,41,32,25,23,16,15,17,11,9,9,3,7,7,8,4,3,3,10,5,5,0,1,4,0,0,0,0,373,1,bis_10,
11834,Alle,18,03_2019,1356,71359,52.6,708,376,233,233,69,37,32,32,33,30,37,35,28,27,23,17,11,15,11,7,7,9,5,7,4,9,2,2,1,3,2,9,4,1,2,0,3,0,0,0,0,376,1,bis_10,
11834,Alle,19,03_2019,1026,61911,60.3,615,278,150,147,62,33,27,19,26,25,42,28,24,23,17,9,17,10,16,9,5,12,8,2,1,6,2,1,1,2,1,7,6,4,4,0,2,0,0,0,0,278,1,bis_10,
11834,Alle,20,03_2019,790,48752,61.7,439,200,124,133,41,22,14,15,19,23,23,18,18,19,15,20,8,10,10,5,5,3,6,3,1,4,7,5,2,1,0,6,6,1,1,0,2,0,0,0,0,200,1,bis_10,
11834,Alle,21,03_2019,438,27201,62.1,197,109,92,68,24,14,3,7,7,5,3,9,9,12,5,10,7,6,3,5,3,5,3,2,2,0,4,3,1,4,3,4,3,2,1,0,0,0,0,0,0,109,1,bis_10,
11834,Alle,22,03_2019,292,14533,49.8,116,97,48,51,15,7,6,5,3,4,3,7,7,4,5,3,3,0,1,2,3,3,2,4,2,0,2,1,0,0,0,1,2,0,0,0,1,0,0,0,0,97,1,bis_10,
11834,Alle,23,03_2019,172,9284,54,60,42,30,46,8,5,3,0,3,2,2,6,4,3,1,2,0,1,0,1,1,1,1,1,0,1,0,0,1,0,0,4,2,1,0,0,0,0,0,0,0,46,1,bis_30,
11837,Alle,0,03_2019,0,0,0,2,0,0,0,0,0,0,0,0,0,0,0,0,0,0,0,0,0,0,0,0,0,0,0,0,0,0,0,0,0,0,0,0,0,0,0,0,0,0,0,0,0,40,bis_10,Max_Wert_ist_mehrfach_vorhanden!
11837,Alle,1,03_2019,0,0,0,2,0,0,0,0,0,0,0,0,0,0,0,0,0,0,0,0,0,0,0,0,0,0,0,0,0,0,0,0,0,0,0,0,0,0,0,0,0,0,0,0,0,40,bis_10,Max_Wert_ist_mehrfach_vorhanden!
11837,Alle,2,03_2019,1,6,6,2,1,0,0,0,0,0,0,0,0,0,0,0,0,0,0,0,0,0,0,0,0,0,0,0,0,0,0,0,0,0,0,0,0,0,0,0,0,0,0,0,1,1,bis_10,
11837,Alle,3,03_2019,2,43,21.5,3,1,0,0,1,0,0,0,0,0,0,0,0,0,0,0,0,0,0,0,0,0,0,0,0,0,0,0,0,0,0,0,0,0,0,0,0,0,0,0,0,1,2,bis_10,Max_Wert_ist_mehrfach_vorhanden!
11837,Alle,4,03_2019,0,0,0,2,0,0,0,0,0,0,0,0,0,0,0,0,0,0,0,0,0,0,0,0,0,0,0,0,0,0,0,0,0,0,0,0,0,0,0,0,0,0,0,0,0,40,bis_10,Max_Wert_ist_mehrfach_vorhanden!
11837,Alle,5,03_2019,0,0,0,1,0,0,0,0,0,0,0,0,0,0,0,0,0,0,0,0,0,0,0,0,0,0,0,0,0,0,0,0,0,0,0,0,0,0,0,0,0,0,0,0,0,40,bis_10,Max_Wert_ist_mehrfach_vorhanden!
11837,Alle,6,03_2019,0,0,0,1,0,0,0,0,0,0,0,0,0,0,0,0,0,0,0,0,0,0,0,0,0,0,0,0,0,0,0,0,0,0,0,0,0,0,0,0,0,0,0,0,0,40,bis_10,Max_Wert_ist_mehrfach_vorhanden!
11837,Alle,7,03_2019,4,202,50.5,1,1,1,0,0,0,0,0,1,0,1,0,0,0,0,0,0,0,0,0,0,0,0,0,0,0,0,0,0,0,0,0,0,0,0,0,0,0,0,0,0,1,4,bis_10,Max_Wert_ist_mehrfach_vorhanden!
11837,Alle,8,03_2019,9,509,56.6,1,3,0,1,0,1,1,0,0,0,1,1,0,0,0,0,1,0,0,0,0,0,0,0,0,0,0,0,0,0,0,0,0,0,0,0,0,0,0,0,0,3,1,bis_10,
11837,Alle,9,03_2019,10,1062,106.2,4,1,0,0,0,0,2,0,1,3,1,0,0,0,1,0,0,0,0,0,0,0,0,0,0,0,0,0,0,0,0,0,1,0,0,0,0,0,0,0,0,3,1,bis_90,
11837,Alle,10,03_2019,14,1366,97.6,8,0,2,2,0,1,1,0,1,0,2,1,0,0,1,0,0,0,1,0,0,0,0,0,0,1,1,0,0,0,0,0,0,0,0,0,0,0,0,0,0,2,3,bis_20,Max_Wert_ist_mehrfach_vorhanden!
11837,Alle,11,03_2019,10,648,64.8,7,2,2,0,0,1,2,0,0,0,1,0,0,0,0,0,0,1,0,0,1,0,0,0,0,0,0,0,0,0,0,0,0,0,0,0,0,0,0,0,0,2,3,bis_10,Max_Wert_ist_mehrfach_vorhanden!
11837,Alle,12,03_2019,17,1593,93.7,5,3,1,0,1,0,0,1,2,1,1,0,1,0,0,1,0,3,1,0,1,0,0,0,0,0,0,0,0,0,0,0,0,0,0,0,0,0,0,0,0,3,2,bis_10,Max_Wert_ist_mehrfach_vorhanden!
11837,Alle,13,03_2019,15,1299,86.6,0,2,0,1,2,0,2,1,0,0,2,1,1,1,0,0,0,0,0,0,0,0,1,0,0,0,1,0,0,0,0,0,0,0,0,0,0,0,0,0,0,2,4,bis_10,Max_Wert_ist_mehrfach_vorhanden!
11837,Alle,14,03_2019,6,472,78.7,0,2,0,1,0,0,0,0,0,0,1,0,0,0,0,1,0,0,0,0,1,0,0,0,0,0,0,0,0,0,0,0,0,0,0,0,0,0,0,0,0,2,1,bis_10,
11837,Alle,15,03_2019,12,622,51.8,1,2,1,2,0,2,0,1,0,1,2,1,0,0,0,0,0,0,0,0,0,0,0,0,0,0,0,0,0,0,0,0,0,0,0,0,0,0,0,0,0,2,4,bis_10,Max_Wert_ist_mehrfach_vorhanden!
11837,Alle,16,03_2019,14,1348,96.3,3,2,1,0,0,1,0,0,0,2,1,1,2,0,0,2,0,0,1,0,0,1,0,0,0,0,0,0,0,0,0,0,0,0,0,0,0,0,0,0,0,2,4,bis_10,Max_Wert_ist_mehrfach_vorhanden!
11837,Alle,17,03_2019,16,1679,104.9,1,3,2,0,1,0,0,0,2,1,0,0,1,2,0,1,0,0,0,1,0,0,1,0,0,0,0,0,0,0,0,0,0,1,0,0,0,0,0,0,0,3,1,bis_10,
11837,Alle,18,03_2019,13,831,63.9,0,3,3,1,0,0,0,0,1,2,0,0,0,1,0,0,1,0,0,0,0,0,1,0,0,0,0,0,0,0,0,0,0,0,0,0,0,0,0,0,0,3,2,bis_10,Max_Wert_ist_mehrfach_vorhanden!
11837,Alle,19,03_2019,7,460,65.7,2,1,0,0,0,1,1,1,1,1,0,0,0,1,0,0,0,0,0,0,0,0,0,0,0,0,0,0,0,0,0,0,0,0,0,0,0,0,0,0,0,1,7,bis_10,Max_Wert_ist_mehrfach_vorhanden!
11837,Alle,20,03_2019,8,713,89.1,1,2,1,0,0,0,0,1,0,1,0,0,1,0,0,0,1,0,0,0,0,0,0,0,0,0,0,0,1,0,0,0,0,0,0,0,0,0,0,0,0,2,1,bis_10,
11837,Alle,21,03_2019,1,14,14,1,0,1,0,0,0,0,0,0,0,0,0,0,0,0,0,0,0,0,0,0,0,0,0,0,0,0,0,0,0,0,0,0,0,0,0,0,0,0,0,0,1,1,bis_20,
11837,Alle,22,03_2019,2,200,100,0,0,0,0,0,0,0,0,1,0,0,0,1,0,0,0,0,0,0,0,0,0,0,0,0,0,0,0,0,0,0,0,0,0,0,0,0,0,0,0,0,1,2,bis_80,Max_Wert_ist_mehrfach_vorhanden!
11837,Alle,23,03_2019,0,0,0,1,0,0,0,0,0,0,0,0,0,0,0,0,0,0,0,0,0,0,0,0,0,0,0,0,0,0,0,0,0,0,0,0,0,0,0,0,0,0,0,0,0,40,bis_10,Max_Wert_ist_mehrfach_vorhanden!
11864,Alle,0,03_2019,179,10415,58.2,6,2,0,1,24,45,48,26,14,10,3,0,0,1,2,0,0,1,1,1,0,0,0,0,0,0,0,0,0,0,0,0,0,0,0,0,0,0,0,0,0,48,1,bis_60,
11864,Alle,1,03_2019,102,5490,53.8,2,2,1,0,12,39,23,14,5,3,1,1,0,0,0,0,0,0,0,1,0,0,0,0,0,0,0,0,0,0,0,0,0,0,0,0,0,0,0,0,0,39,1,bis_50,
11864,Alle,2,03_2019,52,2957,56.9,0,0,0,1,8,17,11,5,5,1,3,0,0,0,0,0,0,1,0,0,0,0,0,0,0,0,0,0,0,0,0,0,0,0,0,0,0,0,0,0,0,17,1,bis_50,
11864,Alle,3,03_2019,39,2186,56.1,1,2,1,0,5,8,13,3,3,0,0,2,0,2,0,0,0,0,0,0,0,0,0,0,0,0,0,0,0,0,0,0,0,0,0,0,0,0,0,0,0,13,1,bis_60,
11864,Alle,4,03_2019,15,933,62.2,1,1,0,0,0,5,2,2,2,1,1,0,0,1,0,0,0,0,0,0,0,0,0,0,0,0,0,0,0,0,0,0,0,0,0,0,0,0,0,0,0,5,1,bis_50,
11864,Alle,5,03_2019,20,912,45.6,0,3,0,2,1,5,6,0,2,0,1,0,0,0,0,0,0,0,0,0,0,0,0,0,0,0,0,0,0,0,0,0,0,0,0,0,0,0,0,0,0,6,1,bis_60,
11864,Alle,6,03_2019,12,659,54.9,0,0,4,0,0,2,4,1,0,0,0,0,0,0,0,0,0,0,0,0,0,1,0,0,0,0,0,0,0,0,0,0,0,0,0,0,0,0,0,0,0,4,2,bis_20,Max_Wert_ist_mehrfach_vorhanden!
11864,Alle,7,03_2019,32,1396,43.6,1,1,4,9,2,6,4,2,0,1,1,1,1,0,0,0,0,0,0,0,0,0,0,0,0,0,0,0,0,0,0,0,0,0,0,0,0,0,0,0,0,9,1,bis_30,
11864,Alle,8,03_2019,24,1188,49.5,4,3,3,7,1,0,2,1,3,0,0,0,3,0,0,0,0,1,0,0,0,0,0,0,0,0,0,0,0,0,0,0,0,0,0,0,0,0,0,0,0,7,1,bis_30,
11864,Alle,9,03_2019,32,1629,50.9,7,4,3,1,3,5,0,9,2,3,1,0,0,1,0,0,0,0,0,0,0,0,0,0,0,0,0,0,0,0,0,0,0,0,0,0,0,0,0,0,0,9,1,bis_70,
11864,Alle,10,03_2019,31,1978,63.8,1,2,1,3,1,2,5,2,6,5,1,1,1,0,0,0,0,0,1,0,0,0,0,0,0,0,0,0,0,0,0,0,0,0,0,0,0,0,0,0,0,6,1,bis_80,
11864,Alle,11,03_2019,36,2327,64.6,2,4,1,4,2,2,5,5,2,2,2,2,1,2,0,0,1,1,0,0,0,0,0,0,0,0,0,0,0,0,0,0,0,0,0,0,0,0,0,0,0,5,2,bis_60,Max_Wert_ist_mehrfach_vorhanden!
11864,Alle,12,03_2019,30,2094,69.8,2,2,3,1,0,1,8,2,6,1,2,0,1,0,0,1,0,1,0,0,0,0,0,1,0,0,0,0,0,0,0,0,0,0,0,0,0,0,0,0,0,8,1,bis_60,
11864,Alle,13,03_2019,36,2674,74.3,4,0,0,4,1,5,3,6,5,5,1,1,1,2,0,0,1,0,0,0,0,0,1,0,0,0,0,0,0,0,0,0,0,0,0,0,0,0,0,0,0,6,1,bis_70,
11864,Alle,14,03_2019,39,2884,73.9,2,2,1,2,3,6,6,4,4,2,2,1,1,0,2,0,0,1,0,0,1,0,0,0,0,0,0,0,0,0,0,1,0,0,0,0,0,0,0,0,0,6,2,bis_50,Max_Wert_ist_mehrfach_vorhanden!
11864,Alle,15,03_2019,39,2433,62.4,8,2,0,0,4,6,12,6,2,3,1,0,1,0,1,0,0,0,0,1,0,0,0,0,0,0,0,0,0,0,0,0,0,0,0,0,0,0,0,0,0,12,1,bis_60,
11864,Alle,16,03_2019,47,2960,63,11,3,0,0,3,5,15,5,6,4,2,2,1,0,0,1,0,0,0,0,0,0,0,0,0,0,0,0,0,0,0,0,0,0,0,0,0,0,0,0,0,15,1,bis_60,
11864,Alle,17,03_2019,69,4012,58.1,5,6,1,2,7,10,15,8,9,3,1,4,1,1,1,0,0,0,0,0,0,0,0,0,0,0,0,0,0,0,0,0,0,0,0,0,0,0,0,0,0,15,1,bis_60,
11864,Alle,18,03_2019,108,6896,63.9,13,0,2,2,10,18,22,21,17,7,3,2,0,1,1,0,1,0,0,0,0,1,0,0,0,0,0,0,0,0,0,0,0,0,0,0,0,0,0,0,0,22,1,bis_60,
11864,Alle,19,03_2019,195,11443,58.7,50,4,0,2,31,40,45,27,20,8,9,2,4,0,1,1,0,1,0,0,0,0,0,0,0,0,0,0,0,0,0,0,0,0,0,0,0,0,0,0,0,45,1,bis_60,
11864,Alle,20,03_2019,247,16078,65.1,40,3,2,2,21,56,62,36,29,12,8,2,1,4,0,0,1,0,0,2,0,0,1,0,0,2,0,1,0,0,2,0,0,0,0,0,0,0,0,0,0,62,1,bis_60,
11864,Alle,21,03_2019,302,17160,56.8,26,21,2,10,35,55,69,44,26,13,8,8,2,3,3,0,2,0,0,0,0,0,0,0,0,0,0,0,0,0,0,0,1,0,0,0,0,0,0,0,0,69,1,bis_60,
11864,Alle,22,03_2019,297,18878,63.6,8,3,2,5,27,51,75,56,32,15,13,5,2,3,4,0,0,0,1,0,1,0,0,0,0,1,0,0,0,0,0,1,0,0,0,0,0,0,0,0,0,75,1,bis_60,
11864,Alle,23,03_2019,231,14160,61.3,9,2,0,3,25,49,60,41,18,12,6,5,2,1,3,1,0,0,0,1,0,1,0,0,1,0,0,0,0,0,0,0,0,0,0,0,0,0,0,0,0,60,1,bis_60,
11811,MobFu,0,03_2019,4,157,39.3,0,1,1,0,0,1,0,0,0,1,0,0,0,0,0,0,0,0,0,0,0,0,0,0,0,0,0,0,0,0,0,0,0,0,0,0,0,0,0,0,0,1,4,bis_10,Max_Wert_ist_mehrfach_vorhanden!
11811,MobFu,1,03_2019,5,126,25.2,1,2,0,2,0,0,0,0,1,0,0,0,0,0,0,0,0,0,0,0,0,0,0,0,0,0,0,0,0,0,0,0,0,0,0,0,0,0,0,0,0,2,2,bis_10,Max_Wert_ist_mehrfach_vorhanden!
11811,MobFu,2,03_2019,3,204,68,1,1,0,0,0,0,0,0,0,0,1,1,0,0,0,0,0,0,0,0,0,0,0,0,0,0,0,0,0,0,0,0,0,0,0,0,0,0,0,0,0,1,3,bis_10,Max_Wert_ist_mehrfach_vorhanden!
11811,MobFu,3,03_2019,9,498,55.3,0,2,2,1,0,2,0,0,0,1,0,0,0,0,0,0,0,0,0,0,0,0,0,0,0,0,1,0,0,0,0,0,0,0,0,0,0,0,0,0,0,2,3,bis_10,Max_Wert_ist_mehrfach_vorhanden!
11811,MobFu,4,03_2019,2,130,65,0,0,0,0,0,0,0,2,0,0,0,0,0,0,0,0,0,0,0,0,0,0,0,0,0,0,0,0,0,0,0,0,0,0,0,0,0,0,0,0,0,2,1,bis_70,
11811,MobFu,6,03_2019,7,384,54.9,1,1,0,2,0,0,2,0,0,0,0,2,0,0,0,0,0,0,0,0,0,0,0,0,0,0,0,0,0,0,0,0,0,0,0,0,0,0,0,0,0,2,3,bis_30,Max_Wert_ist_mehrfach_vorhanden!
11811,MobFu,7,03_2019,28,1551,55.4,2,1,2,5,5,3,1,4,2,3,0,0,1,0,0,0,0,0,0,0,0,0,0,1,0,0,0,0,0,0,0,0,0,0,0,0,0,0,0,0,0,5,2,bis_30,Max_Wert_ist_mehrfach_vorhanden!
11811,MobFu,8,03_2019,60,3745,62.4,15,4,4,2,4,11,6,8,5,1,8,1,5,0,0,0,0,0,0,0,1,0,0,0,0,0,0,0,0,0,0,0,0,0,0,0,0,0,0,0,0,11,1,bis_50,
11811,MobFu,9,03_2019,105,8286,78.9,13,4,2,4,7,8,18,16,8,4,10,5,3,4,2,1,1,3,0,1,0,3,0,0,0,0,0,0,0,0,0,1,0,0,0,0,0,0,0,0,0,18,1,bis_60,
11811,MobFu,10,03_2019,131,9815,74.9,23,1,2,8,11,17,17,21,12,12,4,5,4,3,2,2,0,2,4,1,1,1,0,0,1,0,0,0,0,0,0,0,0,0,0,0,0,0,0,0,0,21,1,bis_70,
11811,MobFu,11,03_2019,107,7838,73.3,11,7,2,4,4,12,16,17,9,12,6,6,2,2,2,0,2,2,0,0,0,0,0,0,0,0,0,0,0,0,0,2,0,0,0,0,0,0,0,0,0,17,1,bis_70,
11811,MobFu,12,03_2019,92,6593,71.7,8,8,8,4,2,11,11,10,8,8,6,5,1,2,1,2,0,0,0,0,0,0,1,0,0,1,2,0,0,0,0,0,1,0,0,0,0,0,0,0,0,11,2,bis_50,Max_Wert_ist_mehrfach_vorhanden!
11811,MobFu,13,03_2019,82,4814,58.7,5,5,9,3,9,14,6,11,8,4,4,4,1,1,0,1,0,0,1,0,0,0,0,0,1,0,0,0,0,0,0,0,0,0,0,0,0,0,0,0,0,14,1,bis_50,
11811,MobFu,14,03_2019,89,6744,75.8,6,5,5,4,4,10,13,8,6,8,4,3,2,5,4,1,1,1,0,1,3,0,0,0,0,0,1,0,0,0,0,0,0,0,0,0,0,0,0,0,0,13,1,bis_60,
11811,MobFu,15,03_2019,79,6207,78.6,9,6,3,4,1,12,11,5,9,6,5,4,4,1,1,1,0,0,0,0,1,0,0,0,1,2,1,0,0,0,0,1,0,0,0,0,0,0,0,0,0,12,1,bis_50,
11811,MobFu,16,03_2019,104,6814,65.5,10,8,5,5,10,14,16,11,10,7,2,3,3,3,2,0,1,0,1,0,0,0,1,0,0,0,0,0,0,0,1,1,0,0,0,0,0,0,0,0,0,16,1,bis_60,
11811,MobFu,17,03_2019,68,6319,92.9,6,1,1,0,1,8,5,12,5,8,1,5,6,3,5,1,0,1,1,0,0,0,0,1,2,0,0,0,0,0,1,0,0,0,0,0,0,0,0,0,0,12,1,bis_70,
11811,MobFu,18,03_2019,61,3428,56.2,8,8,4,4,5,7,9,6,3,5,2,3,3,0,1,0,0,0,1,0,0,0,0,0,0,0,0,0,0,0,0,0,0,0,0,0,0,0,0,0,0,9,1,bis_60,
11811,MobFu,19,03_2019,47,2449,52.1,9,1,11,5,5,6,2,0,5,2,4,3,2,1,0,0,0,0,0,0,0,0,0,0,0,0,0,0,0,0,0,0,0,0,0,0,0,0,0,0,0,11,1,bis_20,
11811,MobFu,20,03_2019,46,4051,88.1,5,7,6,3,5,3,1,2,0,1,1,2,1,0,1,1,0,1,1,4,1,1,1,0,0,1,0,0,1,0,0,1,0,0,0,0,0,0,0,0,0,7,1,bis_10,
11811,MobFu,21,03_2019,16,1455,90.9,4,1,0,2,1,2,1,0,2,2,1,2,0,1,0,0,0,0,0,0,0,0,0,0,0,0,0,0,0,0,0,0,0,1,0,0,0,0,0,0,0,2,5,bis_30,Max_Wert_ist_mehrfach_vorhanden!
11811,MobFu,22,03_2019,13,975,75,0,2,1,0,1,1,2,1,1,1,0,0,1,0,0,0,0,0,0,0,1,0,1,0,0,0,0,0,0,0,0,0,0,0,0,0,0,0,0,0,0,2,2,bis_10,Max_Wert_ist_mehrfach_vorhanden!
11811,MobFu,23,03_2019,6,136,22.7,0,1,2,1,2,0,0,0,0,0,0,0,0,0,0,0,0,0,0,0,0,0,0,0,0,0,0,0,0,0,0,0,0,0,0,0,0,0,0,0,0,2,2,bis_20,Max_Wert_ist_mehrfach_vorhanden!
11833,MobFu,0,03_2019,881,59053,67,138,168,68,70,47,80,52,36,67,72,43,41,23,22,10,16,4,9,8,9,6,5,2,3,2,0,5,0,0,1,0,6,3,1,0,0,1,1,0,0,0,168,1,bis_10,
11833,MobFu,1,03_2019,670,44573,66.5,76,113,61,65,47,56,29,39,36,53,38,23,21,19,13,7,4,10,4,5,4,4,2,3,3,1,0,0,1,1,1,2,2,1,1,0,0,1,0,0,0,113,1,bis_10,
11833,MobFu,2,03_2019,490,32137,65.6,64,91,43,44,34,32,24,18,33,29,31,26,17,16,9,6,8,6,2,4,1,3,0,2,2,1,1,1,0,0,2,1,2,1,0,0,0,0,0,0,0,91,1,bis_10,
11833,MobFu,3,03_2019,534,32314,60.5,66,136,53,51,32,21,21,29,27,41,21,25,20,9,11,6,4,6,4,2,2,1,1,0,2,3,0,0,0,0,1,1,1,0,0,0,3,0,0,0,0,136,1,bis_10,
11833,MobFu,4,03_2019,422,24614,58.3,64,84,38,49,32,31,19,22,25,18,23,15,17,11,9,5,5,8,2,2,1,2,0,0,0,0,1,0,0,0,0,2,0,0,0,1,0,0,0,0,0,84,1,bis_10,
11833,MobFu,5,03_2019,643,41127,64,121,113,42,77,51,35,28,40,40,48,41,28,20,19,7,14,4,4,5,3,2,3,4,1,2,2,1,0,0,0,4,4,1,0,0,0,0,0,0,0,0,113,1,bis_10,
11833,MobFu,6,03_2019,1415,97621,69,306,218,124,167,66,49,68,81,97,110,90,87,53,44,29,25,18,12,12,15,7,7,3,4,5,4,1,3,1,1,4,7,0,0,1,0,2,0,0,0,0,218,1,bis_10,
11833,MobFu,7,03_2019,4824,377467,78.2,999,550,281,319,182,188,212,296,414,531,471,335,259,178,134,105,88,70,41,34,21,23,16,12,12,10,2,6,5,4,4,14,4,0,0,0,3,0,0,0,0,550,1,bis_10,
11833,MobFu,8,03_2019,12625,1106402,87.6,1612,1014,434,600,347,427,638,935,1107,1477,1322,989,792,582,470,313,231,193,151,127,89,73,56,37,36,35,23,25,10,8,10,33,24,6,6,1,4,0,0,0,0,1477,1,bis_90,
11833,MobFu,9,03_2019,18193,1593074,87.6,2132,1565,728,837,531,570,910,1246,1650,1960,1897,1492,1114,810,606,460,363,261,245,199,136,112,77,67,67,50,31,32,24,26,17,59,24,14,7,2,4,0,0,0,0,1960,1,bis_90,
11833,MobFu,10,03_2019,19378,1706385,88.1,2548,1752,737,907,548,652,982,1343,1630,2032,1977,1569,1228,896,664,503,375,301,235,214,135,112,87,69,64,70,38,35,32,27,27,68,34,11,10,7,7,0,0,0,0,2032,1,bis_90,
11833,MobFu,11,03_2019,18843,1609275,85.4,2207,1840,867,1017,574,610,1012,1246,1640,1922,1839,1475,1078,789,616,485,339,283,212,203,137,106,110,74,50,53,38,25,30,15,16,73,32,17,8,2,9,1,0,0,0,1922,1,bis_90,
11833,MobFu,12,03_2019,14782,1193416,80.7,1804,1786,791,905,464,536,723,989,1258,1468,1366,1061,781,584,389,318,283,182,176,151,103,77,54,54,50,34,29,26,18,13,9,58,24,10,8,0,4,0,0,0,0,1786,1,bis_10,
11833,MobFu,13,03_2019,14077,1149268,81.6,2050,1680,794,821,445,541,705,957,1150,1345,1270,961,750,563,416,329,228,203,162,128,127,74,63,61,37,45,33,31,23,26,17,56,14,7,5,3,6,1,0,0,0,1680,1,bis_10,
11833,MobFu,14,03_2019,14218,1185900,83.4,2128,1492,745,833,504,541,747,1010,1160,1372,1217,1090,805,577,423,327,251,213,167,104,94,84,78,59,42,45,31,24,23,19,24,57,33,7,10,2,8,0,0,0,0,1492,1,bis_10,
11833,MobFu,15,03_2019,14808,1219093,82.3,2223,1667,811,875,453,550,768,943,1214,1466,1385,1112,797,598,423,317,291,212,178,124,124,84,59,56,49,37,27,21,15,21,16,67,20,16,4,2,6,0,0,0,0,1667,1,bis_10,
11833,MobFu,16,03_2019,14006,1130315,80.7,2341,1610,815,847,495,554,744,917,1070,1353,1280,1023,713,590,413,341,221,197,172,131,79,71,56,49,37,39,28,15,10,18,17,58,18,11,5,3,5,1,0,0,0,1610,1,bis_10,
11833,MobFu,17,03_2019,12178,970150,79.7,2324,1547,735,729,459,483,633,833,901,1087,1093,801,620,479,373,292,210,166,137,112,60,68,56,46,39,35,26,27,18,14,12,52,19,9,3,1,3,0,0,0,0,1547,1,bis_10,
11833,MobFu,18,03_2019,9796,742036,75.7,1861,1439,686,661,413,442,519,637,714,850,758,588,442,357,257,185,152,125,89,71,75,47,38,38,27,31,23,13,10,9,10,40,23,7,6,6,7,1,0,0,0,1439,1,bis_10,
11833,MobFu,19,03_2019,7522,537705,71.5,1607,1213,583,520,372,380,414,466,545,598,560,455,303,229,169,134,101,81,71,48,43,36,20,22,24,16,18,9,12,8,11,28,15,7,4,4,3,0,0,0,0,1213,1,bis_10,
11833,MobFu,20,03_2019,4759,322633,67.8,1122,818,419,370,244,248,253,265,328,343,336,270,196,150,92,74,76,44,39,33,26,22,22,12,10,13,9,6,6,4,3,18,6,3,1,0,0,0,0,0,0,818,1,bis_10,
11833,MobFu,21,03_2019,2959,192432,65,849,553,253,252,159,193,165,178,183,191,181,147,97,82,59,39,44,35,30,27,15,11,7,9,4,7,5,3,5,3,3,16,2,0,0,0,1,0,0,0,0,553,1,bis_10,
11833,MobFu,22,03_2019,1965,119081,60.6,497,415,195,170,126,152,111,97,120,109,104,64,57,56,36,29,19,15,15,9,10,4,7,5,6,4,4,5,3,1,4,4,5,2,1,0,0,1,0,0,0,415,1,bis_10,
11833,MobFu,23,03_2019,1344,90737,67.5,281,231,116,118,91,109,79,73,89,98,73,54,40,36,16,20,21,7,9,6,6,5,2,3,5,2,7,3,7,4,1,3,2,1,2,1,3,1,0,0,0,231,1,bis_10,
11834,MobFu,0,03_2019,33,1991,60.3,7,9,6,9,0,0,1,1,0,1,0,0,0,1,0,0,0,1,1,0,0,0,0,0,0,0,0,0,1,1,0,0,1,0,0,0,0,0,0,0,0,9,2,bis_10,Max_Wert_ist_mehrfach_vorhanden!
11834,MobFu,1,03_2019,21,1434,68.3,7,4,4,6,1,0,0,0,1,0,0,1,0,0,0,1,1,0,0,0,0,0,0,0,0,1,0,0,0,0,0,0,0,1,0,0,0,0,0,0,0,6,1,bis_30,
11834,MobFu,2,03_2019,7,175,25,7,1,3,2,0,0,0,0,1,0,0,0,0,0,0,0,0,0,0,0,0,0,0,0,0,0,0,0,0,0,0,0,0,0,0,0,0,0,0,0,0,3,1,bis_20,
11834,MobFu,3,03_2019,14,1116,79.7,4,1,2,3,1,1,0,0,1,0,1,0,1,1,0,0,0,0,0,0,0,0,0,0,1,0,0,0,0,1,0,0,0,0,0,0,0,0,0,0,0,3,1,bis_30,
11834,MobFu,4,03_2019,13,705,54.2,1,0,5,5,0,0,0,0,0,0,0,1,0,0,0,0,1,0,0,0,0,0,0,1,0,0,0,0,0,0,0,0,0,0,0,0,0,0,0,0,0,5,2,bis_20,Max_Wert_ist_mehrfach_vorhanden!
11834,MobFu,5,03_2019,18,778,43.2,3,2,6,4,1,1,0,1,0,0,1,0,0,0,0,0,1,0,0,1,0,0,0,0,0,0,0,0,0,0,0,0,0,0,0,0,0,0,0,0,0,6,1,bis_20,
11834,MobFu,6,03_2019,50,1810,36.2,11,10,6,25,0,2,2,1,0,0,0,0,1,0,0,0,0,0,1,0,0,1,0,0,0,0,0,0,0,1,0,0,0,0,0,0,0,0,0,0,0,25,1,bis_30,
11834,MobFu,7,03_2019,108,3917,36.3,25,24,25,30,8,1,3,2,3,2,2,2,0,1,0,2,0,1,0,0,0,0,0,0,0,0,0,0,0,0,1,1,0,0,0,0,0,0,0,0,0,30,1,bis_30,
11834,MobFu,8,03_2019,219,12493,57,75,42,31,56,10,5,4,6,3,8,9,9,8,1,1,5,7,1,3,2,2,0,0,2,0,0,0,0,0,0,0,1,1,2,0,0,0,0,0,0,0,56,1,bis_30,
11834,MobFu,9,03_2019,280,14567,52,112,50,36,73,21,8,4,5,10,10,10,5,9,9,5,6,4,5,2,0,3,2,1,0,1,0,1,0,0,0,0,0,0,0,0,0,0,0,0,0,0,73,1,bis_30,
11834,MobFu,10,03_2019,391,21636,55.3,164,78,53,86,24,9,8,12,13,16,10,19,11,12,16,6,2,3,0,1,3,1,0,2,0,1,1,0,0,0,0,2,0,0,1,0,1,0,0,0,0,86,1,bis_30,
11834,MobFu,11,03_2019,425,21884,51.5,125,75,55,118,41,19,7,11,6,6,16,10,8,11,8,4,4,5,1,3,1,3,2,0,1,1,3,0,1,1,0,2,1,0,1,0,0,0,0,0,0,118,1,bis_30,
11834,MobFu,12,03_2019,375,15895,42.4,109,83,75,98,22,9,8,6,5,8,4,15,8,7,4,5,2,3,2,4,1,0,0,2,1,0,1,0,0,0,0,2,0,0,0,0,0,0,0,0,0,98,1,bis_30,
11834,MobFu,13,03_2019,384,18291,47.6,111,83,65,102,27,13,6,12,7,7,9,5,6,10,4,2,4,3,2,2,1,1,0,3,0,0,1,1,2,0,0,4,1,0,0,0,1,0,0,0,0,102,1,bis_30,
11834,MobFu,14,03_2019,337,18902,56.1,113,57,55,86,18,9,11,10,9,4,7,10,10,7,7,8,4,3,2,3,3,1,1,2,0,0,2,1,3,1,1,2,0,0,0,0,0,0,0,0,0,86,1,bis_30,
11834,MobFu,15,03_2019,383,17476,45.6,136,77,72,105,27,7,8,9,7,7,7,9,7,5,7,4,4,7,1,6,0,0,0,1,0,1,2,0,0,1,0,0,0,1,0,1,0,0,0,0,0,105,1,bis_30,
11834,MobFu,16,03_2019,339,17379,51.3,136,76,48,73,31,11,7,8,7,9,8,6,14,7,6,4,1,6,1,3,1,1,1,1,1,1,2,0,1,1,0,2,1,0,0,0,0,0,0,0,0,76,1,bis_10,
11834,MobFu,17,03_2019,334,16577,49.6,153,79,62,63,16,10,7,7,9,11,11,7,11,5,8,2,4,4,2,3,3,0,5,1,1,0,1,1,1,0,0,0,0,0,0,0,0,0,0,0,0,79,1,bis_10,
11834,MobFu,18,03_2019,296,13708,46.3,126,84,61,59,15,8,5,7,4,2,5,8,3,5,4,2,5,2,2,1,3,3,0,2,0,0,0,1,0,0,1,3,0,0,0,0,1,0,0,0,0,84,1,bis_10,
11834,MobFu,19,03_2019,231,11617,50.3,109,60,42,36,17,11,5,1,5,6,10,7,4,4,1,2,1,3,3,0,1,4,3,1,0,2,0,0,1,0,0,0,0,0,1,0,0,0,0,0,0,60,1,bis_10,
11834,MobFu,20,03_2019,201,10657,53,78,52,30,47,10,6,7,2,4,3,5,6,4,4,2,2,1,1,1,1,2,1,1,1,0,1,2,1,1,0,0,0,1,1,1,0,0,0,0,0,0,52,1,bis_10,
11834,MobFu,21,03_2019,122,7334,60.1,40,26,29,22,8,3,0,1,4,0,0,3,1,3,1,3,2,1,2,2,1,2,2,0,2,0,0,1,1,0,0,1,0,0,1,0,0,0,0,0,0,29,1,bis_20,
11834,MobFu,22,03_2019,83,2988,36,32,21,20,21,6,3,1,2,2,0,1,1,0,0,1,0,0,0,0,0,1,0,1,0,1,0,0,0,0,0,0,0,1,0,0,0,0,0,0,0,0,21,2,bis_10,Max_Wert_ist_mehrfach_vorhanden!
11834,MobFu,23,03_2019,67,3532,52.7,14,15,10,20,4,4,0,0,2,0,0,3,3,0,0,0,0,0,0,0,0,1,1,0,0,1,0,0,1,0,0,2,0,0,0,0,0,0,0,0,0,20,1,bis_30,
11837,MobFu,0,03_2019,0,0,0,1,0,0,0,0,0,0,0,0,0,0,0,0,0,0,0,0,0,0,0,0,0,0,0,0,0,0,0,0,0,0,0,0,0,0,0,0,0,0,0,0,0,40,bis_10,Max_Wert_ist_mehrfach_vorhanden!
11837,MobFu,2,03_2019,0,0,0,2,0,0,0,0,0,0,0,0,0,0,0,0,0,0,0,0,0,0,0,0,0,0,0,0,0,0,0,0,0,0,0,0,0,0,0,0,0,0,0,0,0,40,bis_10,Max_Wert_ist_mehrfach_vorhanden!
11837,MobFu,3,03_2019,0,0,0,2,0,0,0,0,0,0,0,0,0,0,0,0,0,0,0,0,0,0,0,0,0,0,0,0,0,0,0,0,0,0,0,0,0,0,0,0,0,0,0,0,0,40,bis_10,Max_Wert_ist_mehrfach_vorhanden!
11837,MobFu,4,03_2019,0,0,0,2,0,0,0,0,0,0,0,0,0,0,0,0,0,0,0,0,0,0,0,0,0,0,0,0,0,0,0,0,0,0,0,0,0,0,0,0,0,0,0,0,0,40,bis_10,Max_Wert_ist_mehrfach_vorhanden!
11837,MobFu,5,03_2019,0,0,0,1,0,0,0,0,0,0,0,0,0,0,0,0,0,0,0,0,0,0,0,0,0,0,0,0,0,0,0,0,0,0,0,0,0,0,0,0,0,0,0,0,0,40,bis_10,Max_Wert_ist_mehrfach_vorhanden!
11837,MobFu,7,03_2019,1,99,99,0,0,0,0,0,0,0,0,0,0,1,0,0,0,0,0,0,0,0,0,0,0,0,0,0,0,0,0,0,0,0,0,0,0,0,0,0,0,0,0,0,1,1,bis_100,
11837,MobFu,8,03_2019,6,474,79,0,1,0,0,0,1,1,0,0,0,1,1,0,0,0,0,1,0,0,0,0,0,0,0,0,0,0,0,0,0,0,0,0,0,0,0,0,0,0,0,0,1,6,bis_10,Max_Wert_ist_mehrfach_vorhanden!
11837,MobFu,9,03_2019,4,599,149.8,0,1,0,0,0,0,0,0,0,1,0,0,0,0,1,0,0,0,0,0,0,0,0,0,0,0,0,0,0,0,0,0,1,0,0,0,0,0,0,0,0,1,4,bis_10,Max_Wert_ist_mehrfach_vorhanden!
11837,MobFu,10,03_2019,4,425,106.3,1,0,0,0,0,0,1,0,0,0,1,1,0,0,0,0,0,0,1,0,0,0,0,0,0,0,0,0,0,0,0,0,0,0,0,0,0,0,0,0,0,1,4,bis_60,Max_Wert_ist_mehrfach_vorhanden!
11837,MobFu,11,03_2019,7,613,87.6,4,1,0,0,0,1,2,0,0,0,1,0,0,0,0,0,0,1,0,0,1,0,0,0,0,0,0,0,0,0,0,0,0,0,0,0,0,0,0,0,0,2,1,bis_60,
11837,MobFu,12,03_2019,13,1237,95.2,2,2,0,0,1,0,0,1,2,1,1,0,1,0,0,1,0,2,0,0,1,0,0,0,0,0,0,0,0,0,0,0,0,0,0,0,0,0,0,0,0,2,3,bis_10,Max_Wert_ist_mehrfach_vorhanden!
11837,MobFu,13,03_2019,9,1111,123.4,0,0,0,0,1,0,0,1,0,0,2,1,1,1,0,0,0,0,0,0,0,0,1,0,0,0,1,0,0,0,0,0,0,0,0,0,0,0,0,0,0,2,1,bis_100,
11837,MobFu,14,03_2019,3,432,144,0,0,0,0,0,0,0,0,0,0,1,0,0,0,0,1,0,0,0,0,1,0,0,0,0,0,0,0,0,0,0,0,0,0,0,0,0,0,0,0,0,1,3,bis_100,Max_Wert_ist_mehrfach_vorhanden!
11837,MobFu,15,03_2019,4,289,72.3,0,0,0,0,0,2,0,0,0,0,2,0,0,0,0,0,0,0,0,0,0,0,0,0,0,0,0,0,0,0,0,0,0,0,0,0,0,0,0,0,0,2,2,bis_50,Max_Wert_ist_mehrfach_vorhanden!
11837,MobFu,16,03_2019,2,349,174.5,0,0,0,0,0,0,0,0,0,0,0,0,0,0,0,1,0,0,0,0,0,1,0,0,0,0,0,0,0,0,0,0,0,0,0,0,0,0,0,0,0,1,2,bis_150,Max_Wert_ist_mehrfach_vorhanden!
11837,MobFu,17,03_2019,5,829,165.8,0,0,1,0,0,0,0,0,1,0,0,0,1,0,0,0,0,0,0,1,0,0,0,0,0,0,0,0,0,0,0,0,0,1,0,0,0,0,0,0,0,1,5,bis_20,Max_Wert_ist_mehrfach_vorhanden!
11837,MobFu,18,03_2019,5,218,43.6,0,0,3,0,0,0,0,0,0,2,0,0,0,0,0,0,0,0,0,0,0,0,0,0,0,0,0,0,0,0,0,0,0,0,0,0,0,0,0,0,0,3,1,bis_20,
11837,MobFu,19,03_2019,4,302,75.5,2,0,0,0,0,1,1,0,1,0,0,0,0,1,0,0,0,0,0,0,0,0,0,0,0,0,0,0,0,0,0,0,0,0,0,0,0,0,0,0,0,1,4,bis_50,Max_Wert_ist_mehrfach_vorhanden!
11837,MobFu,20,03_2019,6,641,106.8,0,1,1,0,0,0,0,0,0,1,0,0,1,0,0,0,1,0,0,0,0,0,0,0,0,0,0,0,1,0,0,0,0,0,0,0,0,0,0,0,0,1,6,bis_10,Max_Wert_ist_mehrfach_vorhanden!
11837,MobFu,21,03_2019,1,14,14,0,0,1,0,0,0,0,0,0,0,0,0,0,0,0,0,0,0,0,0,0,0,0,0,0,0,0,0,0,0,0,0,0,0,0,0,0,0,0,0,0,1,1,bis_20,
11837,MobFu,22,03_2019,2,200,100,0,0,0,0,0,0,0,0,1,0,0,0,1,0,0,0,0,0,0,0,0,0,0,0,0,0,0,0,0,0,0,0,0,0,0,0,0,0,0,0,0,1,2,bis_80,Max_Wert_ist_mehrfach_vorhanden!
11864,MobFu,0,03_2019,35,2047,58.5,0,1,0,0,3,5,12,8,4,1,0,0,0,0,1,0,0,0,0,0,0,0,0,0,0,0,0,0,0,0,0,0,0,0,0,0,0,0,0,0,0,12,1,bis_60,
11864,MobFu,1,03_2019,18,932,51.8,1,2,0,0,2,3,6,3,1,0,0,1,0,0,0,0,0,0,0,0,0,0,0,0,0,0,0,0,0,0,0,0,0,0,0,0,0,0,0,0,0,6,1,bis_60,
11864,MobFu,2,03_2019,11,546,49.6,0,0,0,0,3,4,1,3,0,0,0,0,0,0,0,0,0,0,0,0,0,0,0,0,0,0,0,0,0,0,0,0,0,0,0,0,0,0,0,0,0,4,1,bis_50,
11864,MobFu,3,03_2019,5,317,63.4,0,0,0,0,0,0,2,2,1,0,0,0,0,0,0,0,0,0,0,0,0,0,0,0,0,0,0,0,0,0,0,0,0,0,0,0,0,0,0,0,0,2,2,bis_60,Max_Wert_ist_mehrfach_vorhanden!
11864,MobFu,4,03_2019,1,80,80,0,0,0,0,0,0,0,0,1,0,0,0,0,0,0,0,0,0,0,0,0,0,0,0,0,0,0,0,0,0,0,0,0,0,0,0,0,0,0,0,0,1,1,bis_80,
11864,MobFu,5,03_2019,2,150,75,0,0,0,0,0,0,1,0,0,0,1,0,0,0,0,0,0,0,0,0,0,0,0,0,0,0,0,0,0,0,0,0,0,0,0,0,0,0,0,0,0,1,2,bis_60,Max_Wert_ist_mehrfach_vorhanden!
11864,MobFu,8,03_2019,1,113,113,2,0,0,0,0,0,0,0,0,0,0,0,1,0,0,0,0,0,0,0,0,0,0,0,0,0,0,0,0,0,0,0,0,0,0,0,0,0,0,0,0,1,1,bis_120,
11864,MobFu,9,03_2019,4,201,50.3,2,0,0,0,1,1,0,2,0,0,0,0,0,0,0,0,0,0,0,0,0,0,0,0,0,0,0,0,0,0,0,0,0,0,0,0,0,0,0,0,0,2,1,bis_70,
11864,MobFu,10,03_2019,8,434,54.3,0,2,0,1,0,1,0,0,0,4,0,0,0,0,0,0,0,0,0,0,0,0,0,0,0,0,0,0,0,0,0,0,0,0,0,0,0,0,0,0,0,4,1,bis_90,
11864,MobFu,11,03_2019,4,217,54.3,2,0,0,1,0,0,1,1,1,0,0,0,0,0,0,0,0,0,0,0,0,0,0,0,0,0,0,0,0,0,0,0,0,0,0,0,0,0,0,0,0,1,4,bis_30,Max_Wert_ist_mehrfach_vorhanden!
11864,MobFu,12,03_2019,4,213,53.3,1,0,0,1,0,1,0,1,1,0,0,0,0,0,0,0,0,0,0,0,0,0,0,0,0,0,0,0,0,0,0,0,0,0,0,0,0,0,0,0,0,1,4,bis_30,Max_Wert_ist_mehrfach_vorhanden!
11864,MobFu,13,03_2019,5,397,79.4,1,0,0,0,0,0,0,4,0,0,0,0,0,1,0,0,0,0,0,0,0,0,0,0,0,0,0,0,0,0,0,0,0,0,0,0,0,0,0,0,0,4,1,bis_70,
11864,MobFu,14,03_2019,1,167,167,0,0,0,0,0,0,0,0,0,0,0,0,0,0,0,0,0,1,0,0,0,0,0,0,0,0,0,0,0,0,0,0,0,0,0,0,0,0,0,0,0,1,1,bis_170,
11864,MobFu,15,03_2019,3,286,95.3,0,0,0,0,1,0,1,0,0,0,0,0,0,0,0,0,0,0,0,1,0,0,0,0,0,0,0,0,0,0,0,0,0,0,0,0,0,0,0,0,0,1,3,bis_40,Max_Wert_ist_mehrfach_vorhanden!
11864,MobFu,16,03_2019,6,464,77.3,3,0,0,0,2,0,0,0,0,2,0,1,1,0,0,0,0,0,0,0,0,0,0,0,0,0,0,0,0,0,0,0,0,0,0,0,0,0,0,0,0,2,2,bis_40,Max_Wert_ist_mehrfach_vorhanden!
11864,MobFu,17,03_2019,8,485,60.6,1,1,0,0,0,0,4,0,2,0,0,1,0,0,0,0,0,0,0,0,0,0,0,0,0,0,0,0,0,0,0,0,0,0,0,0,0,0,0,0,0,4,1,bis_60,
11864,MobFu,18,03_2019,18,1337,74.3,0,0,1,0,1,2,1,3,7,1,0,1,0,0,0,0,0,0,0,0,0,1,0,0,0,0,0,0,0,0,0,0,0,0,0,0,0,0,0,0,0,7,1,bis_80,
11864,MobFu,19,03_2019,32,1908,59.6,11,1,0,1,3,5,8,5,5,2,0,0,2,0,0,0,0,0,0,0,0,0,0,0,0,0,0,0,0,0,0,0,0,0,0,0,0,0,0,0,0,8,1,bis_60,
11864,MobFu,20,03_2019,31,2256,72.8,6,0,1,0,2,4,5,4,8,2,3,0,0,1,0,0,0,0,0,0,0,0,0,0,0,1,0,0,0,0,0,0,0,0,0,0,0,0,0,0,0,8,1,bis_80,
11864,MobFu,21,03_2019,73,3621,49.6,6,17,2,0,3,12,13,9,7,4,1,2,0,1,1,0,1,0,0,0,0,0,0,0,0,0,0,0,0,0,0,0,0,0,0,0,0,0,0,0,0,17,1,bis_10,
11864,MobFu,22,03_2019,36,2036,56.6,2,1,2,0,3,4,10,7,8,0,1,0,0,0,0,0,0,0,0,0,0,0,0,0,0,0,0,0,0,0,0,0,0,0,0,0,0,0,0,0,0,10,1,bis_60,
11864,MobFu,23,03_2019,40,2191,54.8,2,0,0,0,3,15,12,5,3,1,1,0,0,0,0,0,0,0,0,0,0,0,0,0,0,0,0,0,0,0,0,0,0,0,0,0,0,0,0,0,0,15,1,bis_50,
11833,"WV_Quelle MobFu",0,03_2019,226,17352,76.8,46,12,14,23,38,39,19,16,10,7,15,4,4,5,1,2,0,2,0,1,1,1,1,1,0,1,0,0,0,0,0,2,1,2,1,1,2,0,0,0,0,39,1,bis_50,
11833,"WV_Quelle MobFu",1,03_2019,159,11674,73.4,26,10,17,23,25,22,14,6,9,0,2,1,3,4,2,4,2,1,2,2,1,1,1,0,0,0,1,0,1,0,0,0,2,0,1,0,2,0,0,0,0,25,1,bis_40,
11833,"WV_Quelle MobFu",2,03_2019,94,7891,83.9,42,7,6,9,10,13,9,8,3,2,3,2,2,3,1,1,1,1,0,0,1,1,1,1,3,0,1,1,0,2,0,1,0,0,1,0,0,0,0,0,0,13,1,bis_50,
11833,"WV_Quelle MobFu",3,03_2019,89,6664,74.9,30,9,10,10,11,11,10,2,4,1,2,1,2,2,1,1,4,0,0,0,1,1,0,0,0,0,0,1,1,1,1,0,0,1,0,1,0,0,0,0,0,11,2,bis_40,Max_Wert_ist_mehrfach_vorhanden!
11833,"WV_Quelle MobFu",4,03_2019,66,6500,98.5,19,5,4,4,13,9,6,2,2,2,1,0,1,1,1,0,1,2,0,2,0,0,1,0,0,0,0,0,1,1,1,3,2,0,0,1,0,0,0,0,0,13,1,bis_40,
11833,"WV_Quelle MobFu",5,03_2019,92,11383,123.7,22,5,3,10,14,4,9,6,1,10,4,2,2,3,0,1,0,0,0,1,0,0,0,0,1,0,2,2,1,0,0,5,2,0,2,0,2,0,0,0,0,14,1,bis_40,
11833,"WV_Quelle MobFu",6,03_2019,159,13955,87.8,36,12,11,17,20,17,13,10,10,8,1,5,5,0,3,3,1,1,4,3,2,0,2,0,2,1,0,0,1,0,1,1,0,2,0,1,2,0,0,0,0,20,1,bis_40,
11833,"WV_Quelle MobFu",7,03_2019,922,89067,96.6,192,35,71,123,97,115,58,44,36,42,37,23,22,27,17,13,16,13,14,8,8,2,5,6,8,7,4,3,3,9,3,22,10,6,2,4,8,1,0,0,0,123,1,bis_30,
11833,"WV_Quelle MobFu",8,03_2019,2885,391299,135.6,698,76,192,220,243,197,193,150,140,127,115,114,86,80,54,77,76,58,52,37,44,40,35,30,36,20,23,21,22,12,16,102,48,41,22,22,54,7,1,2,0,243,1,bis_40,
11833,"WV_Quelle MobFu",9,03_2019,4031,589777,146.3,1027,115,227,301,276,253,233,224,200,169,173,179,141,107,109,89,99,75,73,47,62,53,46,48,48,47,39,36,41,38,37,123,99,56,45,16,87,14,4,2,0,301,1,bis_30,
11833,"WV_Quelle MobFu",10,03_2019,4218,602320,142.8,960,128,231,303,266,294,262,240,210,170,169,176,142,124,112,110,111,92,78,68,63,55,43,52,58,42,38,32,29,24,29,144,91,60,43,25,94,6,3,1,0,303,1,bis_30,
11833,"WV_Quelle MobFu",11,03_2019,4102,582129,141.9,941,136,251,298,279,272,282,212,193,199,161,148,124,115,108,102,80,98,63,60,55,64,57,42,47,51,46,23,30,31,27,143,86,51,39,22,89,13,4,1,0,298,1,bis_30,
11833,"WV_Quelle MobFu",12,03_2019,2997,399610,133.3,641,122,203,281,249,228,192,127,140,107,96,123,88,83,69,68,61,58,48,48,37,51,27,33,35,21,18,27,26,23,14,85,63,33,24,18,58,8,2,3,0,281,1,bis_30,
11833,"WV_Quelle MobFu",13,03_2019,2864,389081,135.9,544,106,203,258,213,197,196,149,121,114,96,102,70,82,79,72,56,51,45,41,39,37,35,35,25,29,23,25,22,22,10,84,78,41,31,17,51,5,2,2,0,258,1,bis_30,
11833,"WV_Quelle MobFu",14,03_2019,2902,394795,136,587,109,163,244,230,205,157,129,141,142,138,126,93,78,75,75,77,58,46,42,46,38,29,29,22,28,25,19,27,20,19,65,53,34,23,14,70,11,1,1,0,244,1,bis_30,
11833,"WV_Quelle MobFu",15,03_2019,3110,440403,141.6,676,118,209,259,283,208,210,148,135,137,123,102,98,73,73,73,64,60,47,45,37,35,42,23,30,26,22,25,19,22,15,85,65,57,23,26,74,12,5,2,0,283,1,bis_40,
11833,"WV_Quelle MobFu",16,03_2019,2795,399519,142.9,637,88,207,264,208,204,175,154,153,112,104,97,82,79,74,60,54,53,33,42,30,22,28,28,22,18,19,13,21,23,22,89,57,32,23,20,59,17,5,4,0,264,1,bis_30,
11833,"WV_Quelle MobFu",17,03_2019,2325,308383,132.6,548,110,183,237,217,208,143,134,98,73,85,76,65,58,41,63,41,35,21,21,24,28,21,17,22,14,16,13,13,16,8,48,36,30,29,10,50,15,2,4,0,237,1,bis_30,
11833,"WV_Quelle MobFu",18,03_2019,1697,224030,132,366,77,151,191,146,151,111,89,62,71,50,53,48,50,42,21,17,31,24,28,17,16,15,16,10,11,14,11,5,7,5,35,12,21,16,16,43,11,1,2,0,191,1,bis_30,
11833,"WV_Quelle MobFu",19,03_2019,1199,173841,145,277,58,96,112,115,107,89,66,44,58,47,27,28,31,24,22,21,22,14,11,13,20,5,6,10,1,5,7,6,5,5,28,12,13,10,5,37,14,2,3,0,115,1,bis_40,
11833,"WV_Quelle MobFu",20,03_2019,733,97366,132.8,153,39,38,75,72,67,74,43,38,33,21,12,21,16,27,18,12,5,7,10,8,4,4,1,3,1,6,1,2,3,4,17,9,11,5,2,16,2,5,1,0,75,1,bis_30,
11833,"WV_Quelle MobFu",21,03_2019,506,61424,121.4,87,19,29,48,65,59,41,31,29,19,15,16,13,13,6,10,8,6,6,2,6,5,5,2,2,2,6,2,0,1,0,6,4,7,3,5,10,2,2,1,0,65,1,bis_40,
11833,"WV_Quelle MobFu",22,03_2019,348,29094,83.6,62,7,21,32,52,66,39,17,17,13,10,6,10,3,4,3,7,2,3,2,3,2,3,3,2,1,1,2,1,1,0,4,3,5,1,1,1,0,0,0,0,66,1,bis_50,
11833,"WV_Quelle MobFu",23,03_2019,275,21346,77.6,66,15,27,21,42,26,28,22,11,11,9,8,8,7,4,4,4,3,0,4,3,3,0,0,0,1,0,1,2,4,0,0,4,1,2,0,0,0,0,0,0,42,1,bis_40,
11834,"WV_Quelle MobFu",0,03_2019,1,29,29,1,0,0,1,0,0,0,0,0,0,0,0,0,0,0,0,0,0,0,0,0,0,0,0,0,0,0,0,0,0,0,0,0,0,0,0,0,0,0,0,0,1,1,bis_30,
11834,"WV_Quelle MobFu",3,03_2019,1,36,36,0,0,0,0,1,0,0,0,0,0,0,0,0,0,0,0,0,0,0,0,0,0,0,0,0,0,0,0,0,0,0,0,0,0,0,0,0,0,0,0,0,1,1,bis_40,
11834,"WV_Quelle MobFu",4,03_2019,0,0,0,1,0,0,0,0,0,0,0,0,0,0,0,0,0,0,0,0,0,0,0,0,0,0,0,0,0,0,0,0,0,0,0,0,0,0,0,0,0,0,0,0,0,40,bis_10,Max_Wert_ist_mehrfach_vorhanden!
11834,"WV_Quelle MobFu",6,03_2019,2,149,74.5,0,0,0,0,1,0,0,0,0,0,0,0,1,0,0,0,0,0,0,0,0,0,0,0,0,0,0,0,0,0,0,0,0,0,0,0,0,0,0,0,0,1,2,bis_40,Max_Wert_ist_mehrfach_vorhanden!
11834,"WV_Quelle MobFu",7,03_2019,1,13,13,0,0,1,0,0,0,0,0,0,0,0,0,0,0,0,0,0,0,0,0,0,0,0,0,0,0,0,0,0,0,0,0,0,0,0,0,0,0,0,0,0,1,1,bis_20,
11834,"WV_Quelle MobFu",8,03_2019,17,2702,158.9,1,1,1,1,2,2,0,1,0,0,0,2,0,0,0,1,1,0,0,0,0,0,0,1,0,0,1,0,0,0,0,2,0,0,0,0,1,0,0,0,0,2,4,bis_40,Max_Wert_ist_mehrfach_vorhanden!
11834,"WV_Quelle MobFu",9,03_2019,31,6359,205.1,5,1,1,0,1,1,3,3,1,0,0,2,0,1,2,0,1,1,1,1,1,0,1,2,0,0,1,1,0,0,0,1,0,1,2,0,0,1,0,0,0,3,2,bis_60,Max_Wert_ist_mehrfach_vorhanden!
11834,"WV_Quelle MobFu",10,03_2019,35,5636,161,11,1,1,0,2,4,5,0,5,1,1,1,1,1,0,2,0,0,2,0,0,0,1,0,1,0,1,1,0,0,0,0,1,0,0,1,2,0,0,0,0,5,2,bis_60,Max_Wert_ist_mehrfach_vorhanden!
11834,"WV_Quelle MobFu",11,03_2019,35,6656,190.2,6,0,0,3,2,1,1,2,2,3,0,2,0,0,2,1,1,2,1,2,0,1,1,0,3,0,0,1,0,0,0,1,1,0,1,0,0,1,0,0,0,3,3,bis_30,Max_Wert_ist_mehrfach_vorhanden!
11834,"WV_Quelle MobFu",12,03_2019,17,1506,88.6,5,1,0,1,2,3,1,4,0,0,0,0,0,1,1,0,0,1,0,0,0,0,1,0,0,0,0,0,0,0,0,1,0,0,0,0,0,0,0,0,0,4,1,bis_70,
11834,"WV_Quelle MobFu",13,03_2019,19,3272,172.2,7,3,1,1,0,1,0,0,0,2,1,1,0,1,0,2,0,0,0,1,0,0,0,0,1,0,0,0,0,0,0,1,0,1,0,1,1,0,0,0,0,3,1,bis_10,
11834,"WV_Quelle MobFu",14,03_2019,29,5216,179.9,10,2,3,0,2,3,0,0,1,2,1,2,0,0,0,1,0,1,0,1,1,0,2,1,0,0,0,1,0,0,0,1,1,1,0,0,2,0,0,0,0,3,2,bis_20,Max_Wert_ist_mehrfach_vorhanden!
11834,"WV_Quelle MobFu",15,03_2019,26,5233,201.3,8,2,0,3,2,0,1,2,0,1,0,0,0,0,2,2,0,0,1,1,1,3,0,0,0,0,0,0,0,0,0,0,3,0,0,1,0,1,0,0,0,3,3,bis_30,Max_Wert_ist_mehrfach_vorhanden!
11834,"WV_Quelle MobFu",16,03_2019,15,3676,245.1,11,0,1,1,0,2,0,1,0,0,0,1,1,0,1,0,0,1,0,0,1,1,0,0,0,0,0,0,0,0,0,0,0,1,0,1,2,0,0,0,0,2,2,bis_50,Max_Wert_ist_mehrfach_vorhanden!
11834,"WV_Quelle MobFu",17,03_2019,18,1913,106.3,6,1,0,0,3,2,0,1,2,1,0,1,1,3,0,0,0,0,0,0,0,0,1,0,0,1,0,0,0,0,0,1,0,0,0,0,0,0,0,0,0,3,2,bis_40,Max_Wert_ist_mehrfach_vorhanden!
11834,"WV_Quelle MobFu",18,03_2019,14,2874,205.3,5,0,2,0,1,2,0,0,1,0,1,0,0,0,0,0,1,0,0,0,0,0,0,0,0,0,0,0,0,0,0,2,2,2,0,0,0,0,0,0,0,2,5,bis_20,Max_Wert_ist_mehrfach_vorhanden!
11834,"WV_Quelle MobFu",19,03_2019,15,3540,236,5,0,1,2,1,0,0,0,0,0,1,0,0,0,1,0,0,1,0,0,0,2,0,1,0,1,0,0,1,1,0,0,0,0,0,0,2,0,0,0,0,2,3,bis_30,Max_Wert_ist_mehrfach_vorhanden!
11834,"WV_Quelle MobFu",20,03_2019,12,1695,141.3,3,1,1,1,0,0,1,1,2,0,0,1,0,0,0,1,0,0,0,0,0,0,0,0,0,0,0,0,1,0,0,0,1,1,0,0,0,0,0,0,0,2,1,bis_80,
11834,"WV_Quelle MobFu",21,03_2019,1,45,45,4,0,0,0,0,1,0,0,0,0,0,0,0,0,0,0,0,0,0,0,0,0,0,0,0,0,0,0,0,0,0,0,0,0,0,0,0,0,0,0,0,1,1,bis_50,
11834,"WV_Quelle MobFu",22,03_2019,1,101,101,0,0,0,0,0,0,0,0,0,0,0,1,0,0,0,0,0,0,0,0,0,0,0,0,0,0,0,0,0,0,0,0,0,0,0,0,0,0,0,0,0,1,1,bis_110,
11834,"WV_Quelle MobFu",23,03_2019,2,763,381.5,1,0,0,0,0,0,0,0,0,0,0,0,0,0,0,1,0,0,0,0,0,0,0,0,0,0,0,0,0,0,0,0,0,0,0,0,1,0,0,0,0,1,2,bis_150,Max_Wert_ist_mehrfach_vorhanden!
11837,"WV_Quelle MobFu",8,03_2019,1,328,328,1,0,0,0,0,0,0,0,0,0,0,0,0,0,0,0,0,0,0,0,0,0,0,0,0,0,0,0,0,0,0,1,0,0,0,0,0,0,0,0,0,1,1,bis_360,
11837,"WV_Quelle MobFu",9,03_2019,1,1532,1532,0,0,0,0,0,0,0,0,0,0,0,0,0,0,0,0,0,0,0,0,0,0,0,0,0,0,0,0,0,0,0,0,0,0,0,0,0,1,0,0,0,1,1,bis_1800,
11837,"WV_Quelle MobFu",10,03_2019,1,528,528,1,0,0,0,0,0,0,0,0,0,0,0,0,0,0,0,0,0,0,0,0,0,0,0,0,0,0,0,0,0,0,0,0,0,1,0,0,0,0,0,0,1,1,bis_540,
11837,"WV_Quelle MobFu",13,03_2019,0,0,0,1,0,0,0,0,0,0,0,0,0,0,0,0,0,0,0,0,0,0,0,0,0,0,0,0,0,0,0,0,0,0,0,0,0,0,0,0,0,0,0,0,0,40,bis_10,Max_Wert_ist_mehrfach_vorhanden!
11837,"WV_Quelle MobFu",16,03_2019,0,0,0,1,0,0,0,0,0,0,0,0,0,0,0,0,0,0,0,0,0,0,0,0,0,0,0,0,0,0,0,0,0,0,0,0,0,0,0,0,0,0,0,0,0,40,bis_10,Max_Wert_ist_mehrfach_vorhanden!
11837,"WV_Quelle MobFu",19,03_2019,1,96,96,0,0,0,0,0,0,0,0,0,0,1,0,0,0,0,0,0,0,0,0,0,0,0,0,0,0,0,0,0,0,0,0,0,0,0,0,0,0,0,0,0,1,1,bis_100,
11837,"WV_Quelle MobFu",20,03_2019,1,70,70,1,0,0,0,0,0,0,1,0,0,0,0,0,0,0,0,0,0,0,0,0,0,0,0,0,0,0,0,0,0,0,0,0,0,0,0,0,0,0,0,0,1,1,bis_70,
11833,WV_zu_Festnetz,0,03_2019,193,16645,86.2,55,15,18,25,15,22,14,12,9,8,8,5,7,7,2,1,1,5,1,1,1,2,1,0,2,1,1,0,0,0,0,2,2,2,1,0,2,0,0,0,0,25,1,bis_30,
11833,WV_zu_Festnetz,1,03_2019,127,11317,89.1,38,10,21,16,17,10,9,3,5,1,1,2,2,3,2,4,1,1,3,1,1,1,1,1,1,0,0,1,0,0,0,2,3,0,2,0,2,0,0,0,0,21,1,bis_20,
11833,WV_zu_Festnetz,2,03_2019,110,12824,116.6,56,9,12,9,12,7,9,9,3,4,2,4,2,4,1,2,1,1,0,0,1,3,0,2,2,1,1,1,0,2,0,3,1,0,1,0,0,0,0,1,0,12,2,bis_20,Max_Wert_ist_mehrfach_vorhanden!
11833,WV_zu_Festnetz,3,03_2019,93,7339,78.9,39,8,13,13,6,10,11,2,3,0,1,3,1,2,1,1,5,0,3,2,1,1,0,0,0,0,0,0,1,1,1,2,0,1,0,0,0,0,0,0,0,13,2,bis_20,Max_Wert_ist_mehrfach_vorhanden!
11833,WV_zu_Festnetz,4,03_2019,85,11716,137.8,29,8,5,10,10,12,4,2,2,2,2,1,2,1,0,1,1,1,1,4,1,0,1,0,0,0,0,0,1,1,1,1,5,1,0,1,2,1,0,0,0,12,1,bis_50,
11833,WV_zu_Festnetz,5,03_2019,121,13382,110.6,25,5,10,17,18,5,12,7,2,8,7,2,1,3,0,1,0,0,1,2,2,0,0,1,1,0,1,1,1,0,0,6,3,0,2,0,2,0,0,0,0,18,1,bis_40,
11833,WV_zu_Festnetz,6,03_2019,283,25185,89,68,20,27,32,31,22,23,17,11,11,5,7,11,5,7,6,2,1,5,4,7,4,3,2,2,1,1,2,1,0,4,3,2,2,0,0,2,0,0,0,0,32,1,bis_30,
11833,WV_zu_Festnetz,7,03_2019,1784,167032,93.6,407,72,161,254,171,195,124,98,79,77,66,42,37,44,40,31,25,16,28,20,14,13,17,7,10,8,9,7,7,12,6,29,20,12,6,7,19,1,0,0,0,254,1,bis_30,
11833,WV_zu_Festnetz,8,03_2019,7214,1029534,142.7,1858,175,475,549,585,496,448,373,320,313,281,251,218,216,166,188,155,131,142,112,125,107,91,81,88,58,67,59,61,38,39,239,155,114,65,51,155,15,5,6,1,585,1,bis_40,
11833,WV_zu_Festnetz,9,03_2019,11464,1827572,159.4,3208,340,585,779,794,715,637,596,550,471,452,422,379,295,311,291,266,229,211,171,203,165,158,154,132,137,124,117,101,106,96,391,297,183,144,89,293,55,16,9,0,794,1,bis_40,
11833,WV_zu_Festnetz,10,03_2019,12765,2135216,167.3,3385,346,625,809,811,786,725,650,596,526,504,479,412,390,358,339,299,279,247,213,216,201,163,165,166,134,128,111,111,99,113,481,328,201,154,100,402,58,21,19,0,811,1,bis_40,
11833,WV_zu_Festnetz,11,03_2019,11626,1884306,162.1,2814,332,676,760,793,712,704,614,508,528,418,391,357,322,311,295,232,233,217,197,178,153,171,152,140,142,139,93,94,90,93,446,299,182,133,110,322,55,20,14,0,793,1,bis_40,
11833,WV_zu_Festnetz,12,03_2019,7422,1127519,151.9,1613,246,471,646,612,510,468,337,304,255,264,272,227,182,185,163,167,154,113,113,111,126,93,72,78,64,59,67,56,60,42,234,191,108,66,68,178,33,12,15,0,646,1,bis_30,
11833,WV_zu_Festnetz,13,03_2019,6897,1061922,154,1450,216,437,591,501,448,417,372,330,272,240,228,182,199,161,158,133,134,131,105,105,102,77,74,69,82,58,62,57,61,31,219,169,123,77,41,183,32,9,11,0,591,1,bis_30,
11833,WV_zu_Festnetz,14,03_2019,7300,1180982,161.8,1596,222,422,488,562,488,390,321,336,335,316,246,217,208,199,150,164,138,127,125,109,91,95,86,90,80,64,61,65,69,66,248,190,124,70,63,215,37,12,11,0,562,1,bis_40,
11833,WV_zu_Festnetz,15,03_2019,7318,1191566,162.8,1746,229,462,536,597,472,450,378,316,327,259,235,199,188,176,169,148,131,127,111,112,108,111,76,85,68,56,60,60,45,39,241,168,131,96,69,208,43,15,17,0,597,1,bis_40,
11833,WV_zu_Festnetz,16,03_2019,6740,1122322,166.5,1631,228,468,577,526,469,391,348,336,256,217,204,211,171,159,130,113,109,97,97,79,69,79,76,60,57,62,43,55,51,47,241,160,112,89,56,207,55,13,22,0,577,1,bis_30,
11833,WV_zu_Festnetz,17,03_2019,5419,869896,160.5,1321,219,437,535,491,442,318,276,212,210,179,144,156,124,101,126,92,79,66,50,63,56,55,52,52,44,41,26,31,36,27,127,110,67,66,42,184,45,17,21,0,535,1,bis_30,
11833,WV_zu_Festnetz,18,03_2019,3616,650864,180,873,155,289,367,325,279,210,183,137,142,98,104,95,83,81,56,57,60,46,49,33,39,40,31,27,25,31,23,13,18,16,99,50,52,43,34,140,47,17,22,0,367,1,bis_30,
11833,WV_zu_Festnetz,19,03_2019,2415,435166,180.2,601,125,209,249,228,186,139,122,79,95,88,57,64,67,47,41,34,39,26,20,28,23,13,17,18,14,9,16,10,15,6,62,31,27,22,20,104,37,15,13,0,249,1,bis_30,
11833,WV_zu_Festnetz,20,03_2019,1352,267216,197.6,298,81,86,128,118,101,93,64,50,48,28,43,39,31,44,26,20,16,20,19,12,8,6,7,12,6,11,4,7,7,9,31,23,31,11,13,61,16,11,11,0,128,1,bis_30,
11833,WV_zu_Festnetz,21,03_2019,678,131138,193.4,152,32,61,61,65,50,37,31,37,28,19,17,13,14,12,13,14,14,7,5,8,6,7,10,6,4,9,2,1,5,2,8,8,12,6,3,32,4,6,9,0,65,1,bis_40,
11833,WV_zu_Festnetz,22,03_2019,333,50543,151.8,106,16,30,34,40,37,16,15,17,14,9,5,12,5,5,3,5,2,3,4,4,2,5,1,3,2,2,1,3,2,0,8,7,6,2,0,6,2,2,3,0,40,1,bis_40,
11833,WV_zu_Festnetz,23,03_2019,259,25422,98.2,85,21,32,28,28,14,21,15,12,12,9,4,2,6,8,3,5,3,1,3,4,2,1,3,0,2,0,1,1,1,0,2,4,3,3,1,4,0,0,0,0,32,1,bis_20,
11834,WV_zu_Festnetz,1,03_2019,1,225,225,0,0,0,0,0,0,0,0,0,0,0,0,0,0,0,0,0,0,0,0,0,0,0,1,0,0,0,0,0,0,0,0,0,0,0,0,0,0,0,0,0,1,1,bis_230,
11834,WV_zu_Festnetz,2,03_2019,2,76,38,0,0,1,0,0,0,0,1,0,0,0,0,0,0,0,0,0,0,0,0,0,0,0,0,0,0,0,0,0,0,0,0,0,0,0,0,0,0,0,0,0,1,2,bis_20,Max_Wert_ist_mehrfach_vorhanden!
11834,WV_zu_Festnetz,3,03_2019,1,36,36,0,0,0,0,1,0,0,0,0,0,0,0,0,0,0,0,0,0,0,0,0,0,0,0,0,0,0,0,0,0,0,0,0,0,0,0,0,0,0,0,0,1,1,bis_40,
11834,WV_zu_Festnetz,4,03_2019,0,0,0,1,0,0,0,0,0,0,0,0,0,0,0,0,0,0,0,0,0,0,0,0,0,0,0,0,0,0,0,0,0,0,0,0,0,0,0,0,0,0,0,0,0,40,bis_10,Max_Wert_ist_mehrfach_vorhanden!
11834,WV_zu_Festnetz,6,03_2019,1,102,102,0,0,0,0,0,0,0,0,0,0,0,1,0,0,0,0,0,0,0,0,0,0,0,0,0,0,0,0,0,0,0,0,0,0,0,0,0,0,0,0,0,1,1,bis_110,
11834,WV_zu_Festnetz,7,03_2019,3,80,26.7,0,0,1,1,1,0,0,0,0,0,0,0,0,0,0,0,0,0,0,0,0,0,0,0,0,0,0,0,0,0,0,0,0,0,0,0,0,0,0,0,0,1,3,bis_20,Max_Wert_ist_mehrfach_vorhanden!
11834,WV_zu_Festnetz,8,03_2019,17,3636,213.9,7,1,2,0,1,2,1,1,1,0,0,1,1,0,0,2,0,0,1,0,0,0,1,0,0,0,0,0,0,0,0,0,0,0,0,0,1,1,0,0,0,2,3,bis_20,Max_Wert_ist_mehrfach_vorhanden!
11834,WV_zu_Festnetz,9,03_2019,25,4746,189.8,11,1,1,0,0,2,2,1,1,2,1,2,1,1,0,1,0,1,1,2,0,0,0,0,0,0,0,1,1,0,0,0,1,0,0,0,2,0,0,0,0,2,6,bis_50,Max_Wert_ist_mehrfach_vorhanden!
11834,WV_zu_Festnetz,10,03_2019,41,9789,238.8,9,1,2,2,2,5,1,0,3,1,1,1,0,1,1,0,2,0,0,0,1,0,0,1,1,1,0,0,2,1,1,1,1,2,1,2,2,1,0,0,0,5,1,bis_50,
11834,WV_zu_Festnetz,11,03_2019,42,6506,154.9,7,2,3,3,1,5,2,2,0,1,1,3,2,2,4,0,1,0,0,0,1,0,1,0,0,1,1,1,0,0,0,1,0,1,1,0,2,0,0,0,0,5,1,bis_50,
11834,WV_zu_Festnetz,12,03_2019,18,3758,208.8,4,3,0,0,0,1,1,1,2,0,1,0,1,1,0,1,0,2,0,0,0,0,0,0,0,0,0,0,0,0,0,2,0,0,0,0,2,0,0,0,0,3,1,bis_10,
11834,WV_zu_Festnetz,13,03_2019,14,2663,190.2,5,2,2,0,0,2,1,0,0,0,0,0,1,1,0,0,0,0,0,0,0,0,0,0,0,0,0,0,0,0,0,1,1,2,0,1,0,0,0,0,0,2,4,bis_10,Max_Wert_ist_mehrfach_vorhanden!
11834,WV_zu_Festnetz,14,03_2019,17,3219,189.4,9,0,0,0,2,2,1,0,0,0,0,2,0,1,1,1,0,0,0,0,0,0,1,2,0,0,0,1,0,0,0,0,1,1,0,0,1,0,0,0,0,2,4,bis_40,Max_Wert_ist_mehrfach_vorhanden!
11834,WV_zu_Festnetz,15,03_2019,19,3175,167.1,11,0,0,2,1,0,0,1,2,2,0,0,0,0,2,0,2,0,1,0,2,0,0,0,1,0,0,0,0,0,0,1,1,0,0,1,0,0,0,0,0,2,6,bis_30,Max_Wert_ist_mehrfach_vorhanden!
11834,WV_zu_Festnetz,16,03_2019,19,3958,208.3,7,0,2,2,2,1,1,2,0,0,1,1,0,0,0,0,0,0,0,0,1,0,0,0,1,0,0,0,0,0,0,1,1,1,0,0,2,0,0,0,0,2,5,bis_20,Max_Wert_ist_mehrfach_vorhanden!
11834,WV_zu_Festnetz,17,03_2019,15,4098,273.2,4,1,0,0,1,4,0,0,0,1,0,1,0,0,0,0,0,1,0,0,1,0,0,0,0,0,0,0,0,1,0,1,0,0,0,0,3,0,0,0,0,4,1,bis_50,
11834,WV_zu_Festnetz,18,03_2019,7,833,119,3,0,1,0,1,1,0,0,0,3,0,0,0,0,0,0,0,0,0,0,0,0,0,0,0,0,0,0,0,0,0,0,0,1,0,0,0,0,0,0,0,3,1,bis_90,
11834,WV_zu_Festnetz,19,03_2019,7,2797,399.6,3,0,0,0,0,1,0,1,1,0,0,0,0,0,0,0,0,0,0,0,0,0,0,0,0,0,0,0,2,0,0,0,0,0,0,0,1,1,0,0,0,2,1,bis_280,
11834,WV_zu_Festnetz,20,03_2019,5,1523,304.6,0,0,1,1,0,0,0,0,0,1,0,1,0,0,0,0,0,0,0,0,0,0,0,0,0,0,0,0,0,0,0,0,0,0,0,0,0,1,0,0,0,1,5,bis_20,Max_Wert_ist_mehrfach_vorhanden!
11834,WV_zu_Festnetz,21,03_2019,1,35,35,1,0,0,0,1,0,0,0,0,0,0,0,0,0,0,0,0,0,0,0,0,0,0,0,0,0,0,0,0,0,0,0,0,0,0,0,0,0,0,0,0,1,1,bis_40,
11834,WV_zu_Festnetz,22,03_2019,1,50,50,0,0,0,0,0,1,0,0,0,0,0,0,0,0,0,0,0,0,0,0,0,0,0,0,0,0,0,0,0,0,0,0,0,0,0,0,0,0,0,0,0,1,1,bis_50,
11837,WV_zu_Festnetz,8,03_2019,1,328,328,1,0,0,0,0,0,0,0,0,0,0,0,0,0,0,0,0,0,0,0,0,0,0,0,0,0,0,0,0,0,0,1,0,0,0,0,0,0,0,0,0,1,1,bis_360,
11837,WV_zu_Festnetz,9,03_2019,1,166,166,2,0,0,0,0,0,0,0,0,0,0,0,0,0,0,0,0,1,0,0,0,0,0,0,0,0,0,0,0,0,0,0,0,0,0,0,0,0,0,0,0,1,1,bis_170,
11837,WV_zu_Festnetz,10,03_2019,1,528,528,1,0,0,0,0,0,0,0,0,0,0,0,0,0,0,0,0,0,0,0,0,0,0,0,0,0,0,0,0,0,0,0,0,0,1,0,0,0,0,0,0,1,1,bis_540,
11837,WV_zu_Festnetz,12,03_2019,0,0,0,1,0,0,0,0,0,0,0,0,0,0,0,0,0,0,0,0,0,0,0,0,0,0,0,0,0,0,0,0,0,0,0,0,0,0,0,0,0,0,0,0,0,40,bis_10,Max_Wert_ist_mehrfach_vorhanden!
11837,WV_zu_Festnetz,13,03_2019,0,0,0,1,0,0,0,0,0,0,0,0,0,0,0,0,0,0,0,0,0,0,0,0,0,0,0,0,0,0,0,0,0,0,0,0,0,0,0,0,0,0,0,0,0,40,bis_10,Max_Wert_ist_mehrfach_vorhanden!
11837,WV_zu_Festnetz,16,03_2019,0,0,0,1,0,0,0,0,0,0,0,0,0,0,0,0,0,0,0,0,0,0,0,0,0,0,0,0,0,0,0,0,0,0,0,0,0,0,0,0,0,0,0,0,0,40,bis_10,Max_Wert_ist_mehrfach_vorhanden!
11837,WV_zu_Festnetz,19,03_2019,1,96,96,1,0,0,0,0,0,0,0,0,0,1,0,0,0,0,0,0,0,0,0,0,0,0,0,0,0,0,0,0,0,0,0,0,0,0,0,0,0,0,0,0,1,1,bis_100,
11837,WV_zu_Festnetz,20,03_2019,1,70,70,1,0,0,0,0,0,0,1,0,0,0,0,0,0,0,0,0,0,0,0,0,0,0,0,0,0,0,0,0,0,0,0,0,0,0,0,0,0,0,0,0,1,1,bis_70,
11834,WV_zu_T_Auskunft,0,03_2019,8,1365,170.6,0,0,0,0,0,0,1,1,0,0,0,0,1,1,0,0,0,0,0,1,0,0,0,2,0,0,0,0,0,0,0,0,1,0,0,0,0,0,0,0,0,2,1,bis_230,
11834,WV_zu_T_Auskunft,1,03_2019,5,692,138.4,2,0,0,0,0,1,0,0,0,0,1,0,0,0,0,0,2,0,0,0,0,0,0,0,1,0,0,0,0,0,0,0,0,0,0,0,0,0,0,0,0,2,1,bis_160,
11834,WV_zu_T_Auskunft,2,03_2019,2,178,89,0,0,0,0,0,1,0,0,0,0,0,0,0,0,1,0,0,0,0,0,0,0,0,0,0,0,0,0,0,0,0,0,0,0,0,0,0,0,0,0,0,1,2,bis_50,Max_Wert_ist_mehrfach_vorhanden!
11834,WV_zu_T_Auskunft,3,03_2019,4,421,105.3,0,0,0,0,0,1,0,0,0,0,0,1,0,0,1,1,0,0,0,0,0,0,0,0,0,0,0,0,0,0,0,0,0,0,0,0,0,0,0,0,0,1,4,bis_50,Max_Wert_ist_mehrfach_vorhanden!
11834,WV_zu_T_Auskunft,4,03_2019,2,184,92,0,0,0,0,0,0,0,0,0,1,1,0,0,0,0,0,0,0,0,0,0,0,0,0,0,0,0,0,0,0,0,0,0,0,0,0,0,0,0,0,0,1,2,bis_90,Max_Wert_ist_mehrfach_vorhanden!
11834,WV_zu_T_Auskunft,5,03_2019,3,829,276.3,0,0,0,0,0,0,0,0,0,0,0,0,0,0,1,0,0,0,0,0,0,0,0,0,0,0,1,0,0,0,0,0,0,1,0,0,0,0,0,0,0,1,3,bis_140,Max_Wert_ist_mehrfach_vorhanden!
11834,WV_zu_T_Auskunft,6,03_2019,3,276,92,0,0,0,0,0,0,0,0,1,1,0,0,1,0,0,0,0,0,0,0,0,0,0,0,0,0,0,0,0,0,0,0,0,0,0,0,0,0,0,0,0,1,3,bis_80,Max_Wert_ist_mehrfach_vorhanden!
11834,WV_zu_T_Auskunft,7,03_2019,22,2611,118.7,1,0,0,0,1,0,0,2,3,1,2,1,2,1,2,1,1,2,1,0,1,1,0,0,0,0,0,0,0,0,0,0,0,0,0,0,0,0,0,0,0,3,1,bis_80,
11834,WV_zu_T_Auskunft,8,03_2019,84,11631,138.5,4,0,0,1,1,3,3,4,4,7,11,7,4,4,1,4,4,5,3,5,3,2,1,0,1,0,0,0,0,0,0,3,2,1,0,0,0,0,0,0,0,11,1,bis_100,
11834,WV_zu_T_Auskunft,9,03_2019,179,25018,139.8,11,1,0,0,2,4,4,11,7,15,21,13,12,14,10,5,10,6,7,4,3,1,3,3,2,5,5,1,2,2,1,3,0,0,1,0,1,0,0,0,0,21,1,bis_100,
11834,WV_zu_T_Auskunft,10,03_2019,202,27008,133.7,23,0,1,1,2,1,5,8,15,12,16,25,20,16,7,9,11,7,7,9,6,4,2,5,1,1,1,1,1,2,0,6,0,0,0,0,0,0,0,0,0,25,1,bis_110,
11834,WV_zu_T_Auskunft,11,03_2019,217,28589,131.7,11,2,0,0,0,5,9,12,9,18,25,18,20,16,15,10,9,8,1,5,7,4,2,3,1,4,4,0,2,3,0,1,3,1,0,0,0,0,0,0,0,25,1,bis_100,
11834,WV_zu_T_Auskunft,12,03_2019,137,17228,125.8,5,1,0,3,3,3,5,9,4,13,13,13,16,12,10,6,5,0,10,1,0,1,1,1,0,0,0,1,0,0,0,3,1,0,0,0,2,0,0,0,0,16,1,bis_120,
11834,WV_zu_T_Auskunft,13,03_2019,114,15534,136.3,9,2,0,0,1,2,1,8,7,5,15,12,8,7,6,6,4,4,5,1,1,2,5,1,0,5,0,0,0,1,0,3,1,0,0,1,0,0,0,0,0,15,1,bis_100,
11834,WV_zu_T_Auskunft,14,03_2019,143,19014,133,3,3,2,3,1,3,3,9,9,10,9,17,10,11,2,7,3,6,3,8,4,0,1,2,1,0,5,2,0,1,2,4,2,0,0,0,0,0,0,0,0,17,1,bis_110,
11834,WV_zu_T_Auskunft,15,03_2019,152,23148,152.3,7,1,2,2,1,4,4,8,8,8,13,13,12,7,6,10,6,2,8,2,4,3,4,1,1,3,1,4,0,1,1,8,2,1,0,0,0,1,0,0,0,13,2,bis_100,Max_Wert_ist_mehrfach_vorhanden!
11834,WV_zu_T_Auskunft,16,03_2019,150,21728,144.9,8,1,1,0,0,3,5,7,9,12,10,16,13,10,9,7,7,4,8,1,1,2,5,3,1,1,0,2,1,1,0,3,1,4,1,1,0,0,0,0,0,16,1,bis_110,
11834,WV_zu_T_Auskunft,17,03_2019,120,17960,149.7,6,3,0,1,1,3,6,4,4,9,7,11,5,7,6,8,3,8,2,6,2,5,1,3,2,1,0,0,1,3,0,3,3,0,0,1,1,0,0,0,0,11,1,bis_110,
11834,WV_zu_T_Auskunft,18,03_2019,103,15311,148.7,5,0,2,0,3,4,1,5,5,6,5,11,4,8,6,5,4,2,4,5,3,3,1,0,1,1,0,3,2,2,0,3,2,2,0,0,0,0,0,0,0,11,1,bis_110,
11834,WV_zu_T_Auskunft,19,03_2019,73,11537,158,7,0,0,0,0,2,4,1,5,6,4,5,7,6,4,4,4,1,4,2,0,1,1,1,3,0,0,0,0,0,2,2,1,0,1,0,2,0,0,0,0,7,1,bis_120,
11834,WV_zu_T_Auskunft,20,03_2019,60,9430,157.2,10,0,0,0,0,2,4,3,3,6,6,3,2,3,1,3,0,1,1,5,3,1,4,0,1,0,0,0,0,2,0,1,3,2,0,0,0,0,0,0,0,6,2,bis_90,Max_Wert_ist_mehrfach_vorhanden!
11834,WV_zu_T_Auskunft,21,03_2019,36,4927,136.9,4,0,0,0,0,1,2,3,2,5,3,1,3,3,0,1,0,0,0,2,1,0,3,0,2,1,2,0,1,0,0,0,0,0,0,0,0,0,0,0,0,5,1,bis_90,
11834,WV_zu_T_Auskunft,22,03_2019,22,3758,170.8,0,1,0,0,0,1,0,0,1,3,3,1,0,1,1,1,2,1,0,0,0,0,0,1,1,0,0,0,1,0,0,1,0,1,0,1,0,0,0,0,0,3,2,bis_90,Max_Wert_ist_mehrfach_vorhanden!
11834,WV_zu_T_Auskunft,23,03_2019,13,2081,160.1,0,0,0,0,1,0,0,1,0,0,1,0,3,0,1,1,1,0,0,0,0,1,0,0,0,0,0,0,1,1,0,1,0,0,0,0,0,0,0,0,0,3,1,bis_120,
11833,WV_zu_0800,0,03_2019,17,1810,106.5,3,1,0,4,4,0,2,0,1,0,0,2,0,0,0,0,0,0,0,0,0,1,0,0,0,0,0,0,0,0,0,0,1,0,0,1,0,0,0,0,0,4,2,bis_30,Max_Wert_ist_mehrfach_vorhanden!
11833,WV_zu_0800,1,03_2019,28,3622,129.4,1,0,3,8,6,0,0,0,0,0,1,0,0,0,0,1,0,0,0,0,0,0,1,0,0,1,1,0,1,0,0,0,5,0,0,0,0,0,0,0,0,8,1,bis_30,
11833,WV_zu_0800,2,03_2019,8,5873,734.1,2,0,0,0,1,0,0,0,0,0,0,0,0,0,1,0,0,0,0,0,0,0,0,0,0,0,0,0,1,1,0,0,1,0,0,0,2,0,0,1,0,2,1,bis_1200,
11833,WV_zu_0800,3,03_2019,8,1674,209.3,1,0,0,1,2,0,0,0,0,1,0,0,1,0,0,0,0,0,0,0,0,1,0,0,0,0,0,0,0,0,0,0,0,0,0,2,0,0,0,0,0,2,2,bis_40,Max_Wert_ist_mehrfach_vorhanden!
11833,WV_zu_0800,4,03_2019,11,938,85.3,3,0,1,1,2,2,1,1,0,0,0,0,1,0,0,0,0,0,0,0,0,1,0,0,0,0,0,0,0,0,0,1,0,0,0,0,0,0,0,0,0,2,2,bis_40,Max_Wert_ist_mehrfach_vorhanden!
11833,WV_zu_0800,5,03_2019,18,4779,265.5,1,0,1,5,1,0,0,1,0,0,0,0,1,2,0,0,1,0,0,0,0,0,0,0,0,1,0,0,0,0,1,0,0,2,0,0,1,1,0,0,0,5,1,bis_30,
11833,WV_zu_0800,6,03_2019,32,10494,327.9,3,1,1,1,2,2,0,1,2,0,0,0,0,0,1,1,1,2,0,1,1,0,0,1,0,2,0,0,1,0,0,0,0,1,1,3,6,0,0,0,0,6,1,bis_1200,
11833,WV_zu_0800,7,03_2019,125,30437,243.5,9,3,8,2,12,6,4,3,4,6,2,4,1,4,5,3,4,2,1,4,1,0,1,4,0,2,1,1,0,1,0,8,4,4,6,3,8,2,1,0,0,12,1,bis_40,
11833,WV_zu_0800,8,03_2019,593,173267,292.2,45,5,12,10,22,17,20,10,12,17,25,29,12,15,17,16,17,14,11,15,16,7,11,9,10,6,9,6,8,7,8,39,32,13,19,17,68,12,0,0,0,68,1,bis_1200,
11833,WV_zu_0800,9,03_2019,1045,309640,296.3,87,17,16,21,30,15,24,26,26,29,38,34,34,33,34,23,38,27,29,14,23,23,22,22,18,6,9,10,13,20,8,79,49,38,34,29,118,14,1,1,0,118,1,bis_1200,
11833,WV_zu_0800,10,03_2019,1160,347824,299.8,96,18,14,39,38,38,31,31,28,34,41,38,34,28,38,25,29,27,26,29,18,26,15,17,15,17,15,18,16,11,11,68,67,44,26,23,140,22,2,3,0,140,1,bis_1200,
11833,WV_zu_0800,11,03_2019,971,300769,309.8,76,13,7,21,23,32,23,25,31,24,30,30,20,25,41,21,29,22,26,15,21,26,23,16,13,10,16,9,13,13,9,63,51,34,38,21,117,15,4,1,0,117,1,bis_1200,
11833,WV_zu_0800,12,03_2019,696,219505,315.4,58,9,8,13,20,21,18,17,14,17,21,20,22,21,18,26,28,22,17,16,10,15,12,12,9,8,8,11,9,12,14,36,22,21,27,20,78,18,5,1,0,78,1,bis_1200,
11833,WV_zu_0800,13,03_2019,577,194049,336.3,46,12,12,7,17,19,11,19,13,16,19,10,10,15,20,18,13,14,13,13,10,13,9,9,4,5,5,14,6,5,3,36,26,21,19,18,91,8,2,2,0,91,1,bis_1200,
11833,WV_zu_0800,14,03_2019,626,191859,306.5,47,11,8,11,22,23,14,12,19,13,28,22,25,18,23,10,14,15,19,13,13,9,12,8,7,4,10,7,4,7,7,38,29,18,22,21,74,13,1,2,0,74,1,bis_1200,
11833,WV_zu_0800,15,03_2019,586,183606,313.3,31,8,5,14,13,16,19,15,19,22,17,17,30,26,16,15,12,19,11,10,8,12,9,6,3,5,8,5,11,7,6,35,19,24,18,17,73,10,5,1,0,73,1,bis_1200,
11833,WV_zu_0800,16,03_2019,519,168169,324,32,14,9,10,16,7,15,23,12,19,16,19,17,21,14,14,19,7,12,8,10,13,8,5,7,9,7,2,5,3,7,23,22,20,19,10,53,17,5,2,0,53,1,bis_1200,
11833,WV_zu_0800,17,03_2019,368,120513,327.5,24,9,7,14,11,16,18,9,11,12,13,16,7,16,9,15,7,11,3,10,5,4,6,3,3,2,2,2,4,1,1,14,12,23,14,3,36,12,3,4,0,36,1,bis_1200,
11833,WV_zu_0800,18,03_2019,213,61181,287.2,10,4,6,7,9,7,10,11,7,12,7,11,3,7,7,1,12,5,5,6,7,6,1,1,3,0,1,2,1,2,0,4,5,4,4,4,24,2,3,2,0,24,1,bis_1200,
11833,WV_zu_0800,19,03_2019,168,53573,318.9,11,11,0,5,5,5,2,2,6,6,7,5,10,9,6,3,5,4,4,3,5,2,1,2,1,0,2,3,2,1,0,6,9,3,5,2,18,6,1,1,0,18,1,bis_1200,
11833,WV_zu_0800,20,03_2019,108,27665,256.2,4,7,7,3,7,2,3,5,2,1,4,3,7,2,1,2,4,2,2,0,5,4,0,2,1,0,0,2,0,0,1,4,5,3,2,2,8,5,0,0,0,8,1,bis_1200,
11833,WV_zu_0800,21,03_2019,59,21492,364.3,1,3,2,6,7,1,2,0,1,1,0,2,3,1,0,3,2,0,0,0,2,1,0,0,0,0,0,0,0,0,0,3,0,1,4,3,6,3,2,0,0,7,1,bis_40,
11833,WV_zu_0800,22,03_2019,30,9232,307.7,3,0,2,4,7,1,2,0,0,1,0,0,2,1,0,1,0,0,0,0,0,0,0,1,1,0,0,0,0,0,0,2,0,0,0,1,1,2,0,1,0,7,1,bis_40,
11833,WV_zu_0800,23,03_2019,23,8494,369.3,1,1,1,5,3,0,0,1,0,0,0,1,0,0,0,0,0,0,1,0,0,0,0,1,0,1,0,0,1,1,0,1,1,0,0,0,2,0,2,0,0,5,1,bis_30,
11834,WV_zu_0800,0,03_2019,1,3000,3000,0,0,0,0,0,0,0,0,0,0,0,0,0,0,0,0,0,0,0,0,0,0,0,0,0,0,0,0,0,0,0,0,0,0,0,0,0,0,0,1,0,1,1,bis_3000,
11834,WV_zu_0800,3,03_2019,1,930,930,0,0,0,0,0,0,0,0,0,0,0,0,0,0,0,0,0,0,0,0,0,0,0,0,0,0,0,0,0,0,0,0,0,0,0,0,1,0,0,0,0,1,1,bis_1200,
11834,WV_zu_0800,7,03_2019,1,127,127,0,0,0,0,0,0,0,0,0,0,0,0,0,1,0,0,0,0,0,0,0,0,0,0,0,0,0,0,0,0,0,0,0,0,0,0,0,0,0,0,0,1,1,bis_130,
11834,WV_zu_0800,8,03_2019,1,85,85,0,0,0,0,0,0,0,0,0,1,0,0,0,0,0,0,0,0,0,0,0,0,0,0,0,0,0,0,0,0,0,0,0,0,0,0,0,0,0,0,0,1,1,bis_90,
11834,WV_zu_0800,9,03_2019,3,1171,390.3,0,0,1,0,0,0,0,0,0,0,0,0,0,0,0,0,0,0,0,0,0,0,0,0,0,0,0,0,0,0,0,0,0,0,1,0,1,0,0,0,0,1,3,bis_20,Max_Wert_ist_mehrfach_vorhanden!
11834,WV_zu_0800,10,03_2019,8,1800,225,2,0,0,0,2,0,1,1,0,0,1,0,0,0,0,1,0,0,0,0,0,0,0,0,0,0,0,0,0,0,0,0,1,0,0,0,1,0,0,0,0,2,1,bis_40,
11834,WV_zu_0800,11,03_2019,4,1204,301,1,0,0,0,0,0,0,0,1,0,0,0,0,0,0,0,0,0,0,0,1,0,0,0,0,0,0,0,0,0,0,0,1,0,1,0,0,0,0,0,0,1,4,bis_80,Max_Wert_ist_mehrfach_vorhanden!
11834,WV_zu_0800,12,03_2019,6,2836,472.7,0,1,0,0,1,0,0,0,0,0,0,0,1,0,0,0,0,0,0,0,0,0,0,0,0,0,0,0,0,0,0,1,0,0,0,0,1,1,0,0,0,1,6,bis_10,Max_Wert_ist_mehrfach_vorhanden!
11834,WV_zu_0800,13,03_2019,2,517,258.5,0,0,0,0,0,0,0,0,0,0,0,0,0,0,0,0,0,1,0,0,0,0,0,0,0,0,0,0,0,0,0,1,0,0,0,0,0,0,0,0,0,1,2,bis_170,Max_Wert_ist_mehrfach_vorhanden!
11834,WV_zu_0800,14,03_2019,5,2410,482,0,0,0,0,0,1,0,0,1,0,0,0,0,0,0,0,1,0,0,0,0,0,0,0,0,0,0,0,0,0,0,0,0,0,1,0,0,1,0,0,0,1,5,bis_50,Max_Wert_ist_mehrfach_vorhanden!
11834,WV_zu_0800,15,03_2019,4,1636,409,0,1,0,0,1,0,0,0,0,0,1,0,0,0,0,0,0,0,0,0,0,0,0,0,0,0,0,0,0,0,0,0,0,0,0,0,0,1,0,0,0,1,4,bis_10,Max_Wert_ist_mehrfach_vorhanden!
11834,WV_zu_0800,16,03_2019,1,87,87,0,0,0,0,0,0,0,0,0,1,0,0,0,0,0,0,0,0,0,0,0,0,0,0,0,0,0,0,0,0,0,0,0,0,0,0,0,0,0,0,0,1,1,bis_90,
11834,WV_zu_0800,18,03_2019,3,582,194,0,0,0,0,0,0,1,0,0,0,0,0,0,0,1,0,0,0,0,0,0,0,0,0,0,0,0,0,0,0,0,0,1,0,0,0,0,0,0,0,0,1,3,bis_60,Max_Wert_ist_mehrfach_vorhanden!
11834,WV_zu_0800,19,03_2019,1,627,627,0,0,0,0,0,0,0,0,0,0,0,0,0,0,0,0,0,0,0,0,0,0,0,0,0,0,0,0,0,0,0,0,0,0,0,0,1,0,0,0,0,1,1,bis_1200,
11834,WV_zu_0800,20,03_2019,2,2039,1019.5,0,0,0,0,0,0,0,0,0,1,0,0,0,0,0,0,0,0,0,0,0,0,0,0,0,0,0,0,0,0,0,0,0,0,0,0,0,0,1,0,0,1,2,bis_90,Max_Wert_ist_mehrfach_vorhanden!
11834,WV_zu_0800,21,03_2019,1,26,26,0,0,0,1,0,0,0,0,0,0,0,0,0,0,0,0,0,0,0,0,0,0,0,0,0,0,0,0,0,0,0,0,0,0,0,0,0,0,0,0,0,1,1,bis_30,
11837,WV_zu_0800,9,03_2019,1,1532,1532,0,0,0,0,0,0,0,0,0,0,0,0,0,0,0,0,0,0,0,0,0,0,0,0,0,0,0,0,0,0,0,0,0,0,0,0,0,1,0,0,0,1,1,bis_1800,
11837,WV_zu_0800,15,03_2019,1,696,696,0,0,0,0,0,0,0,0,0,0,0,0,0,0,0,0,0,0,0,0,0,0,0,0,0,0,0,0,0,0,0,0,0,0,0,0,1,0,0,0,0,1,1,bis_1200,
11833,WV_zu_0180,0,03_2019,36,2350,65.3,3,0,2,13,7,2,2,0,0,0,6,1,0,0,0,0,0,0,0,0,0,0,0,1,0,0,0,0,1,0,0,1,0,0,0,0,0,0,0,0,0,13,1,bis_30,
11833,WV_zu_0180,1,03_2019,29,3013,103.9,2,0,0,13,4,3,1,1,0,1,0,0,0,0,0,0,0,0,1,1,0,0,0,0,1,0,0,0,0,0,0,0,1,1,0,0,1,0,0,0,0,13,1,bis_30,
11833,WV_zu_0180,2,03_2019,22,1597,72.6,4,0,0,10,6,2,0,0,0,0,2,0,0,0,0,0,0,0,0,0,0,0,0,0,0,0,0,0,0,0,0,1,0,0,1,0,0,0,0,0,0,10,1,bis_30,
11833,WV_zu_0180,3,03_2019,29,1609,55.5,3,1,1,10,7,2,1,1,0,0,3,0,1,0,0,0,0,0,0,0,0,0,0,0,0,1,0,1,0,0,0,0,0,0,0,0,0,0,0,0,0,10,1,bis_30,
11833,WV_zu_0180,4,03_2019,26,1638,63,2,0,1,4,6,6,2,0,1,0,3,0,0,0,0,0,1,1,0,0,0,0,0,0,0,1,0,0,0,0,0,0,0,0,0,0,0,0,0,0,0,6,2,bis_40,Max_Wert_ist_mehrfach_vorhanden!
11833,WV_zu_0180,5,03_2019,46,3442,74.8,6,0,2,16,12,4,3,2,0,1,0,0,0,0,0,1,0,0,0,0,1,0,0,0,0,0,0,0,0,0,0,2,1,0,0,0,1,0,0,0,0,16,1,bis_30,
11833,WV_zu_0180,6,03_2019,40,4522,113.1,6,2,1,9,9,6,0,0,1,1,3,1,0,0,0,0,1,0,1,1,1,0,0,0,0,0,0,0,0,0,0,0,0,1,0,0,2,0,0,0,0,9,2,bis_30,Max_Wert_ist_mehrfach_vorhanden!
11833,WV_zu_0180,7,03_2019,106,11660,110,36,1,6,35,13,6,7,1,0,1,2,1,0,0,1,1,1,4,1,2,1,3,0,0,1,2,1,1,1,1,1,5,2,1,0,2,1,0,0,0,0,35,1,bis_30,
11833,WV_zu_0180,8,03_2019,202,35162,174.1,57,3,6,24,17,11,5,7,4,3,5,4,3,8,5,5,3,5,1,10,4,4,5,4,1,4,1,3,3,3,3,19,5,3,5,3,2,1,0,0,0,24,1,bis_30,
11833,WV_zu_0180,9,03_2019,257,55628,216.5,64,6,9,22,10,5,6,9,10,10,12,8,5,9,7,6,3,3,4,2,5,4,7,6,6,2,4,5,5,2,4,16,15,8,6,1,13,0,2,0,0,22,1,bis_30,
11833,WV_zu_0180,10,03_2019,318,67427,212,103,9,4,19,13,7,8,16,16,8,16,8,8,7,6,9,11,8,6,5,10,8,5,7,8,3,4,6,2,2,5,24,18,6,6,3,15,1,1,0,0,24,1,bis_360,
11833,WV_zu_0180,11,03_2019,272,58388,214.7,80,4,4,19,16,10,9,7,7,6,13,5,10,5,7,4,5,7,8,8,13,4,11,9,4,2,3,4,2,3,2,16,11,7,3,8,14,2,0,0,0,19,1,bis_30,
11833,WV_zu_0180,12,03_2019,191,43588,228.2,52,3,6,19,5,5,4,2,9,4,2,8,4,3,8,5,10,5,3,4,4,7,4,1,3,0,2,1,2,1,2,13,12,14,6,0,8,2,0,0,0,19,1,bis_30,
11833,WV_zu_0180,13,03_2019,191,45288,237.1,70,6,2,8,5,7,5,5,6,1,12,7,8,7,4,6,5,3,4,3,4,2,3,6,4,4,2,1,2,3,2,18,8,4,6,6,9,3,0,0,0,18,1,bis_360,
11833,WV_zu_0180,14,03_2019,205,46646,227.5,49,3,3,8,5,11,5,6,5,7,17,7,6,6,2,5,7,3,6,5,3,8,3,3,5,2,4,4,4,0,2,10,8,9,6,5,11,1,0,0,0,17,1,bis_100,
11833,WV_zu_0180,15,03_2019,189,43325,229.2,66,3,8,12,10,5,3,5,4,9,10,3,5,5,4,4,5,3,5,1,2,6,2,3,3,4,3,2,6,3,2,9,11,11,5,0,11,2,0,0,0,12,1,bis_30,
11833,WV_zu_0180,16,03_2019,235,63300,269.4,68,6,2,12,12,5,8,8,5,7,12,8,3,6,6,5,5,4,6,7,3,4,2,4,1,5,7,2,1,4,1,16,11,8,7,7,20,5,0,0,0,20,1,bis_1200,
11833,WV_zu_0180,17,03_2019,170,46278,272.2,54,3,6,16,6,1,3,6,1,5,14,3,2,5,4,3,2,2,4,4,4,2,0,3,1,2,2,2,2,0,3,19,4,7,5,4,17,2,1,0,0,19,1,bis_360,
11833,WV_zu_0180,18,03_2019,131,30996,236.6,42,3,3,14,9,3,3,2,3,6,11,3,1,4,1,3,3,4,3,3,4,3,2,2,4,2,2,2,0,1,1,3,4,2,5,1,8,2,0,1,0,14,1,bis_30,
11833,WV_zu_0180,19,03_2019,73,11471,157.1,26,0,3,13,5,1,4,3,1,0,9,2,1,2,1,0,0,1,1,2,1,1,2,2,1,0,1,1,1,0,1,7,1,2,1,0,2,0,0,0,0,13,1,bis_30,
11833,WV_zu_0180,20,03_2019,61,9907,162.4,26,2,2,7,6,2,4,3,2,1,8,2,0,1,0,0,1,0,1,1,2,2,3,0,0,0,0,1,0,1,0,0,3,0,1,2,3,0,0,0,0,8,1,bis_100,
11833,WV_zu_0180,21,03_2019,40,8925,223.1,11,0,0,5,5,1,1,2,1,1,1,1,2,1,1,2,0,0,1,1,0,0,2,1,1,0,0,0,0,0,1,2,2,1,1,0,1,2,0,0,0,5,2,bis_30,Max_Wert_ist_mehrfach_vorhanden!
11833,WV_zu_0180,22,03_2019,40,4999,125,6,0,0,10,7,1,2,1,2,0,2,2,0,1,0,0,0,1,0,0,1,2,0,1,0,0,1,1,0,1,0,1,1,1,0,0,1,0,0,0,0,10,1,bis_30,
11833,WV_zu_0180,23,03_2019,24,3274,136.4,6,0,0,1,6,3,1,0,1,1,4,0,1,0,0,0,0,0,0,0,0,0,1,0,0,0,0,0,0,1,0,1,2,0,0,0,1,0,0,0,0,6,1,bis_40,
11834,WV_zu_0180,0,03_2019,1,14,14,0,0,1,0,0,0,0,0,0,0,0,0,0,0,0,0,0,0,0,0,0,0,0,0,0,0,0,0,0,0,0,0,0,0,0,0,0,0,0,0,0,1,1,bis_20,
11834,WV_zu_0180,1,03_2019,1,113,113,0,0,0,0,0,0,0,0,0,0,0,0,1,0,0,0,0,0,0,0,0,0,0,0,0,0,0,0,0,0,0,0,0,0,0,0,0,0,0,0,0,1,1,bis_120,
11834,WV_zu_0180,3,03_2019,1,158,158,0,0,0,0,0,0,0,0,0,0,0,0,0,0,0,0,1,0,0,0,0,0,0,0,0,0,0,0,0,0,0,0,0,0,0,0,0,0,0,0,0,1,1,bis_160,
11834,WV_zu_0180,7,03_2019,1,197,197,0,0,0,0,0,0,0,0,0,0,0,0,0,0,0,0,0,0,0,0,1,0,0,0,0,0,0,0,0,0,0,0,0,0,0,0,0,0,0,0,0,1,1,bis_200,
11834,WV_zu_0180,9,03_2019,1,75,75,0,0,0,0,0,0,0,0,1,0,0,0,0,0,0,0,0,0,0,0,0,0,0,0,0,0,0,0,0,0,0,0,0,0,0,0,0,0,0,0,0,1,1,bis_80,
11834,WV_zu_0180,10,03_2019,3,444,148,1,0,0,0,0,0,0,0,0,1,0,0,0,1,0,0,0,0,0,0,0,0,0,0,1,0,0,0,0,0,0,0,0,0,0,0,0,0,0,0,0,1,3,bis_90,Max_Wert_ist_mehrfach_vorhanden!
11834,WV_zu_0180,11,03_2019,4,855,213.8,0,0,0,0,0,0,0,0,0,1,0,0,0,0,0,1,0,0,0,0,0,0,0,0,0,0,0,0,1,0,0,1,0,0,0,0,0,0,0,0,0,1,4,bis_90,Max_Wert_ist_mehrfach_vorhanden!
11834,WV_zu_0180,12,03_2019,1,251,251,1,0,0,0,0,0,0,0,0,0,0,0,0,0,0,0,0,0,0,0,0,0,0,0,0,0,1,0,0,0,0,0,0,0,0,0,0,0,0,0,0,1,1,bis_260,
11834,WV_zu_0180,13,03_2019,1,366,366,0,0,0,0,0,0,0,0,0,0,0,0,0,0,0,0,0,0,0,0,0,0,0,0,0,0,0,0,0,0,0,0,1,0,0,0,0,0,0,0,0,1,1,bis_420,
11834,WV_zu_0180,14,03_2019,5,728,145.6,1,0,0,0,0,0,0,0,0,0,0,2,0,1,1,0,0,0,0,0,0,0,0,0,0,0,0,1,0,0,0,0,0,0,0,0,0,0,0,0,0,2,1,bis_110,
11834,WV_zu_0180,15,03_2019,2,826,413,0,0,0,0,0,0,1,0,0,0,0,0,0,0,0,0,0,0,0,0,0,0,0,0,0,0,0,0,0,0,0,0,0,0,0,0,1,0,0,0,0,1,2,bis_60,Max_Wert_ist_mehrfach_vorhanden!
11834,WV_zu_0180,16,03_2019,0,0,0,2,0,0,0,0,0,0,0,0,0,0,0,0,0,0,0,0,0,0,0,0,0,0,0,0,0,0,0,0,0,0,0,0,0,0,0,0,0,0,0,0,0,40,bis_10,Max_Wert_ist_mehrfach_vorhanden!
11834,WV_zu_0180,17,03_2019,4,767,191.8,0,0,0,0,0,0,0,0,0,0,0,1,0,1,1,0,0,0,0,0,0,0,0,0,0,0,0,0,0,0,0,0,1,0,0,0,0,0,0,0,0,1,4,bis_110,Max_Wert_ist_mehrfach_vorhanden!
11834,WV_zu_0180,18,03_2019,3,751,250.3,0,0,0,0,0,0,0,0,0,0,1,0,0,0,0,0,0,0,0,0,0,0,0,1,0,0,0,0,0,0,0,0,0,1,0,0,0,0,0,0,0,1,3,bis_100,Max_Wert_ist_mehrfach_vorhanden!
11834,WV_zu_0180,19,03_2019,0,0,0,2,0,0,0,0,0,0,0,0,0,0,0,0,0,0,0,0,0,0,0,0,0,0,0,0,0,0,0,0,0,0,0,0,0,0,0,0,0,0,0,0,0,40,bis_10,Max_Wert_ist_mehrfach_vorhanden!
11834,WV_zu_0180,20,03_2019,1,65,65,0,0,0,0,0,0,0,1,0,0,0,0,0,0,0,0,0,0,0,0,0,0,0,0,0,0,0,0,0,0,0,0,0,0,0,0,0,0,0,0,0,1,1,bis_70,
11834,WV_zu_0180,21,03_2019,2,399,199.5,0,0,0,0,0,0,0,0,0,0,0,0,0,1,0,0,0,0,0,0,0,0,0,0,0,0,0,0,1,0,0,0,0,0,0,0,0,0,0,0,0,1,2,bis_130,Max_Wert_ist_mehrfach_vorhanden!
11834,WV_zu_0180,22,03_2019,1,162,162,0,0,0,0,0,0,0,0,0,0,0,0,0,0,0,0,0,1,0,0,0,0,0,0,0,0,0,0,0,0,0,0,0,0,0,0,0,0,0,0,0,1,1,bis_170,
11834,WV_zu_0180,23,03_2019,0,0,0,1,0,0,0,0,0,0,0,0,0,0,0,0,0,0,0,0,0,0,0,0,0,0,0,0,0,0,0,0,0,0,0,0,0,0,0,0,0,0,0,0,0,40,bis_10,Max_Wert_ist_mehrfach_vorhanden!
11833,WV_zu_0700,0,03_2019,0,0,0,2,0,0,0,0,0,0,0,0,0,0,0,0,0,0,0,0,0,0,0,0,0,0,0,0,0,0,0,0,0,0,0,0,0,0,0,0,0,0,0,0,0,40,bis_10,Max_Wert_ist_mehrfach_vorhanden!
11833,WV_zu_0700,8,03_2019,1,18,18,1,0,1,0,0,0,0,0,0,0,0,0,0,0,0,0,0,0,0,0,0,0,0,0,0,0,0,0,0,0,0,0,0,0,0,0,0,0,0,0,0,1,1,bis_20,
11833,WV_zu_0700,9,03_2019,2,673,336.5,2,0,0,0,0,0,0,0,0,0,1,0,0,0,0,0,0,0,0,0,0,0,0,0,0,0,0,0,0,0,0,0,0,0,0,1,0,0,0,0,0,1,2,bis_100,Max_Wert_ist_mehrfach_vorhanden!
11833,WV_zu_0700,10,03_2019,2,61,30.5,0,0,1,0,0,1,0,0,0,0,0,0,0,0,0,0,0,0,0,0,0,0,0,0,0,0,0,0,0,0,0,0,0,0,0,0,0,0,0,0,0,1,2,bis_20,Max_Wert_ist_mehrfach_vorhanden!
11833,WV_zu_0700,11,03_2019,4,694,173.5,2,0,1,0,0,0,0,0,0,0,0,0,1,0,0,0,0,0,0,0,0,0,1,0,0,0,0,0,0,0,0,1,0,0,0,0,0,0,0,0,0,1,4,bis_20,Max_Wert_ist_mehrfach_vorhanden!
11833,WV_zu_0700,12,03_2019,0,0,0,2,0,0,0,0,0,0,0,0,0,0,0,0,0,0,0,0,0,0,0,0,0,0,0,0,0,0,0,0,0,0,0,0,0,0,0,0,0,0,0,0,0,40,bis_10,Max_Wert_ist_mehrfach_vorhanden!
11833,WV_zu_0700,13,03_2019,3,117,39,1,0,1,0,0,1,1,0,0,0,0,0,0,0,0,0,0,0,0,0,0,0,0,0,0,0,0,0,0,0,0,0,0,0,0,0,0,0,0,0,0,1,3,bis_20,Max_Wert_ist_mehrfach_vorhanden!
11833,WV_zu_0700,15,03_2019,3,505,168.3,1,0,0,0,0,0,0,0,0,0,0,1,0,0,0,0,0,1,0,0,0,0,0,0,1,0,0,0,0,0,0,0,0,0,0,0,0,0,0,0,0,1,3,bis_110,Max_Wert_ist_mehrfach_vorhanden!
11833,WV_zu_0700,16,03_2019,1,11,11,1,0,1,0,0,0,0,0,0,0,0,0,0,0,0,0,0,0,0,0,0,0,0,0,0,0,0,0,0,0,0,0,0,0,0,0,0,0,0,0,0,1,1,bis_20,
11833,WV_zu_0700,17,03_2019,2,46,23,0,0,1,0,1,0,0,0,0,0,0,0,0,0,0,0,0,0,0,0,0,0,0,0,0,0,0,0,0,0,0,0,0,0,0,0,0,0,0,0,0,1,2,bis_20,Max_Wert_ist_mehrfach_vorhanden!
11833,WV_zu_0700,18,03_2019,0,0,0,1,0,0,0,0,0,0,0,0,0,0,0,0,0,0,0,0,0,0,0,0,0,0,0,0,0,0,0,0,0,0,0,0,0,0,0,0,0,0,0,0,0,40,bis_10,Max_Wert_ist_mehrfach_vorhanden!
11833,WV_zu_0700,19,03_2019,1,5,5,1,1,0,0,0,0,0,0,0,0,0,0,0,0,0,0,0,0,0,0,0,0,0,0,0,0,0,0,0,0,0,0,0,0,0,0,0,0,0,0,0,1,1,bis_10,
11833,WV_zu_0700,20,03_2019,1,19,19,2,0,1,0,0,0,0,0,0,0,0,0,0,0,0,0,0,0,0,0,0,0,0,0,0,0,0,0,0,0,0,0,0,0,0,0,0,0,0,0,0,1,1,bis_20,
11833,WV_zu_0700,21,03_2019,1,173,173,0,0,0,0,0,0,0,0,0,0,0,0,0,0,0,0,0,0,1,0,0,0,0,0,0,0,0,0,0,0,0,0,0,0,0,0,0,0,0,0,0,1,1,bis_180,
11833,WV_zu_ALLE,0,03_2019,754,54623,72.4,75,19,22,68,154,162,87,54,29,27,27,15,14,11,6,4,3,5,2,3,1,3,3,3,3,2,2,0,1,0,0,6,5,3,4,2,4,0,0,0,0,162,1,bis_50,
11833,WV_zu_ALLE,1,03_2019,515,40679,79,52,12,25,55,109,95,56,23,28,12,8,11,6,9,4,8,3,1,4,4,1,2,3,1,3,1,4,1,1,2,0,5,10,1,3,0,3,1,0,0,0,109,1,bis_40,
11833,WV_zu_ALLE,2,03_2019,341,36046,105.7,68,10,12,27,73,55,37,20,16,9,11,7,3,7,5,3,2,3,0,0,1,3,1,2,4,1,3,3,1,4,2,5,2,0,2,0,5,0,0,2,0,73,1,bis_40,
11833,WV_zu_ALLE,3,03_2019,256,18798,73.4,46,10,14,30,46,38,26,8,12,13,7,12,6,3,3,2,5,0,3,3,1,3,0,0,0,1,0,1,1,1,1,2,1,1,0,2,0,0,0,0,0,46,1,bis_40,
11833,WV_zu_ALLE,4,03_2019,206,20734,100.7,36,8,7,19,31,42,22,5,7,5,8,4,5,2,1,3,2,5,1,6,1,1,1,0,1,1,0,1,1,1,1,4,5,1,0,1,2,1,0,0,0,42,1,bis_50,
11833,WV_zu_ALLE,5,03_2019,263,29035,110.4,33,5,13,42,42,24,19,13,10,15,10,7,3,7,1,4,3,0,2,4,4,0,1,1,2,1,2,2,2,0,1,9,4,3,2,0,4,1,0,0,0,42,2,bis_30,Max_Wert_ist_mehrfach_vorhanden!
11833,WV_zu_ALLE,6,03_2019,426,46374,108.9,86,23,30,45,53,42,36,22,16,16,11,11,14,6,9,8,4,3,8,7,11,5,3,3,2,4,1,2,2,1,4,3,2,4,1,3,11,0,0,0,0,53,1,bis_40,
11833,WV_zu_ALLE,7,03_2019,2162,225724,104.4,470,78,177,294,211,223,150,113,90,89,75,52,49,53,49,44,36,28,31,27,18,19,18,11,14,13,12,11,9,14,7,47,26,17,12,12,29,3,1,0,0,294,1,bis_30,
11833,WV_zu_ALLE,8,03_2019,8302,1267401,152.7,2011,191,502,599,642,559,497,417,350,350,335,298,241,247,195,217,180,160,159,144,148,121,110,96,100,68,80,69,72,48,50,303,196,132,89,71,226,28,5,6,1,642,1,bis_40,
11833,WV_zu_ALLE,9,03_2019,13268,2250431,169.6,3427,377,625,839,878,771,714,664,611,540,540,489,437,357,370,330,322,269,254,195,237,196,194,185,159,152,145,134,121,132,109,493,363,232,185,121,430,69,19,10,0,878,1,bis_40,
11833,WV_zu_ALLE,10,03_2019,14784,2614086,176.8,3679,389,661,900,899,872,808,726,678,591,590,561,478,447,415,388,353,326,293,257,255,240,187,195,194,156,151,136,132,114,129,584,418,254,189,127,563,82,24,22,0,900,1,bis_30,
11833,WV_zu_ALLE,11,03_2019,13381,2304178,172.2,3039,361,700,822,865,794,766,679,569,591,496,459,415,375,379,337,280,276,260,228,222,190,211,180,161,158,162,107,113,109,105,532,369,227,175,141,455,73,24,15,0,865,1,bis_40,
11833,WV_zu_ALLE,12,03_2019,8697,1433241,164.8,1791,269,507,697,671,571,516,382,346,299,306,319,275,226,225,205,215,183,145,137,126,150,111,89,92,74,70,81,67,74,58,294,229,145,99,89,268,53,18,16,0,697,1,bis_30,
11833,WV_zu_ALLE,13,03_2019,8035,1342298,167.1,1612,250,466,624,548,513,462,419,362,310,299,261,214,231,200,193,158,157,154,124,124,122,96,92,79,99,67,78,66,70,37,280,207,151,103,66,285,44,11,13,0,624,1,bis_30,
11833,WV_zu_ALLE,14,03_2019,8512,1461378,171.7,1744,246,449,528,625,551,426,361,381,378,384,300,267,248,235,177,193,163,157,153,132,109,112,102,104,86,83,74,75,78,77,307,232,152,98,90,302,51,13,13,0,625,1,bis_40,
11833,WV_zu_ALLE,15,03_2019,8525,1475255,173.1,1910,249,494,584,650,530,501,423,357,377,311,276,254,231,208,203,177,160,156,129,128,131,127,88,95,85,73,72,77,57,50,302,201,168,120,88,299,56,20,18,0,650,1,bis_40,
11833,WV_zu_ALLE,16,03_2019,8015,1408881,175.8,1804,263,497,633,600,546,458,406,388,308,268,256,247,217,195,158,146,129,127,115,95,92,95,89,74,77,77,51,62,62,57,293,196,146,116,75,281,78,18,24,0,633,1,bis_30,
11833,WV_zu_ALLE,17,03_2019,6495,1094553,168.5,1469,249,464,591,578,525,397,330,250,253,227,186,176,161,124,156,110,109,79,74,77,70,64,65,59,49,47,30,38,40,32,166,130,99,87,52,245,59,22,25,0,591,1,bis_30,
11833,WV_zu_ALLE,18,03_2019,4569,802419,175.6,1003,175,316,424,427,406,280,243,179,184,134,137,115,109,104,71,77,73,62,65,47,54,48,36,37,30,35,30,17,25,18,116,63,62,55,41,177,51,21,25,0,427,1,bis_40,
11833,WV_zu_ALLE,19,03_2019,3385,569757,168.3,734,148,224,299,376,341,238,179,131,130,124,83,88,88,68,53,51,48,39,31,37,31,19,23,26,14,12,22,14,18,11,77,45,34,31,24,132,43,17,16,0,376,1,bis_40,
11833,WV_zu_ALLE,20,03_2019,2280,363036,159.2,413,96,103,179,266,296,202,129,99,83,66,63,57,44,51,37,29,23,26,28,26,16,13,9,15,8,15,9,7,10,11,41,35,36,15,17,76,22,11,11,0,296,1,bis_50,
11833,WV_zu_ALLE,21,03_2019,1605,215508,134.3,214,42,70,112,286,250,153,105,78,60,39,37,26,25,17,24,21,15,13,8,11,11,13,13,10,6,12,4,3,6,6,17,13,15,12,7,39,9,8,9,0,286,1,bis_40,
11833,WV_zu_ALLE,22,03_2019,1314,120713,91.9,141,23,34,106,333,264,140,77,57,42,27,17,21,13,13,7,11,8,5,7,5,5,8,5,5,2,4,2,4,3,2,19,8,11,3,4,9,4,2,4,0,333,1,bis_40,
11833,WV_zu_ALLE,23,03_2019,1030,77350,75.1,111,23,34,88,286,205,105,60,37,24,27,16,12,9,12,8,8,4,4,4,5,4,2,4,3,3,0,2,3,5,1,6,8,4,4,1,7,0,2,0,0,286,1,bis_40,
11834,WV_zu_ALLE,0,03_2019,8,3390,423.8,2,0,1,2,2,0,0,0,0,1,0,0,0,0,0,0,0,1,0,0,0,0,0,0,0,0,0,0,0,0,0,0,0,0,0,0,0,0,0,1,0,2,2,bis_30,Max_Wert_ist_mehrfach_vorhanden!
11834,WV_zu_ALLE,1,03_2019,5,691,138.2,1,0,0,1,0,0,0,0,0,0,0,0,2,0,0,0,0,0,0,0,0,0,0,2,0,0,0,0,0,0,0,0,0,0,0,0,0,0,0,0,0,2,2,bis_120,Max_Wert_ist_mehrfach_vorhanden!
11834,WV_zu_ALLE,2,03_2019,3,304,101.3,1,0,1,0,0,0,0,1,0,0,0,0,0,0,0,0,0,0,0,0,0,0,0,1,0,0,0,0,0,0,0,0,0,0,0,0,0,0,0,0,0,1,3,bis_20,Max_Wert_ist_mehrfach_vorhanden!
11834,WV_zu_ALLE,3,03_2019,6,1692,282,1,0,0,1,1,0,0,0,0,0,0,0,0,0,1,0,1,0,0,0,0,0,0,0,0,0,0,0,0,0,0,0,1,0,0,0,1,0,0,0,0,1,6,bis_30,Max_Wert_ist_mehrfach_vorhanden!
11834,WV_zu_ALLE,4,03_2019,6,738,123,1,1,1,0,0,1,1,0,0,0,0,1,0,0,0,0,0,0,0,0,0,0,0,0,0,0,0,0,0,0,0,0,0,0,1,0,0,0,0,0,0,1,6,bis_10,Max_Wert_ist_mehrfach_vorhanden!
11834,WV_zu_ALLE,5,03_2019,1,11,11,1,0,1,0,0,0,0,0,0,0,0,0,0,0,0,0,0,0,0,0,0,0,0,0,0,0,0,0,0,0,0,0,0,0,0,0,0,0,0,0,0,1,1,bis_20,
11834,WV_zu_ALLE,6,03_2019,7,585,83.6,1,0,1,0,1,0,0,0,0,1,0,2,1,0,1,0,0,0,0,0,0,0,0,0,0,0,0,0,0,0,0,0,0,0,0,0,0,0,0,0,0,2,1,bis_110,
11834,WV_zu_ALLE,7,03_2019,19,2834,149.2,3,0,3,4,2,0,0,0,0,0,1,1,0,1,1,0,0,0,0,0,1,0,0,0,0,0,1,0,1,0,1,0,0,0,0,2,0,0,0,0,0,4,1,bis_30,
11834,WV_zu_ALLE,8,03_2019,81,14562,179.8,17,3,5,6,5,6,3,3,2,5,2,4,2,2,1,5,2,2,2,1,0,0,1,1,0,0,1,2,2,1,0,5,1,0,0,0,5,1,0,0,0,6,2,bis_30,Max_Wert_ist_mehrfach_vorhanden!
11834,WV_zu_ALLE,9,03_2019,181,33218,183.5,33,7,5,6,1,11,15,11,8,8,7,7,5,12,5,2,2,5,6,5,2,2,2,3,3,1,3,3,1,1,2,3,8,4,7,1,6,1,0,0,0,15,1,bis_60,
11834,WV_zu_ALLE,10,03_2019,211,49032,232.4,65,5,12,9,8,11,8,5,17,7,6,5,4,9,5,5,9,1,5,2,4,2,3,8,3,2,2,2,6,1,3,5,12,5,2,4,10,2,0,2,0,17,1,bis_80,
11834,WV_zu_ALLE,11,03_2019,222,44838,202,51,5,7,7,6,9,8,12,9,11,7,15,9,9,6,4,6,5,4,6,10,7,5,3,4,2,1,2,2,1,0,9,7,6,5,3,8,1,0,1,0,15,1,bis_110,
11834,WV_zu_ALLE,12,03_2019,106,22990,216.9,29,6,3,6,7,10,4,6,4,1,5,0,4,3,3,2,5,7,0,1,0,0,3,1,1,0,1,0,0,0,1,8,1,1,3,2,4,2,0,1,0,10,1,bis_50,
11834,WV_zu_ALLE,13,03_2019,100,20222,202.2,22,8,3,4,4,8,2,1,5,7,4,4,6,2,2,3,1,5,1,2,1,2,1,1,1,1,0,0,0,0,0,4,2,3,3,4,3,2,0,0,0,8,2,bis_10,Max_Wert_ist_mehrfach_vorhanden!
11834,WV_zu_ALLE,14,03_2019,146,31383,215,47,4,7,4,9,12,6,4,3,10,6,7,2,3,7,6,1,1,1,2,2,2,2,4,1,1,1,4,2,1,2,7,3,6,2,0,9,1,0,1,0,12,1,bis_50,
11834,WV_zu_ALLE,15,03_2019,129,27965,216.8,45,5,2,9,10,4,4,3,4,5,4,2,2,4,7,5,3,2,2,2,5,4,3,0,5,3,1,1,1,1,0,5,5,4,0,4,5,3,0,0,0,10,1,bis_40,
11834,WV_zu_ALLE,16,03_2019,110,25866,235.1,44,5,5,4,6,7,6,6,3,2,2,8,3,4,3,0,2,1,1,0,2,2,3,2,2,1,0,0,1,2,0,7,4,3,1,3,7,1,1,0,0,8,1,bis_110,
11834,WV_zu_ALLE,17,03_2019,102,22349,219.1,36,2,2,3,9,10,3,3,4,8,1,3,2,10,3,1,3,5,1,1,2,0,1,1,0,3,0,2,0,3,1,3,1,1,1,0,6,2,1,0,0,10,2,bis_50,Max_Wert_ist_mehrfach_vorhanden!
11834,WV_zu_ALLE,18,03_2019,75,24061,320.8,16,0,6,5,4,6,2,1,3,4,3,2,2,2,2,0,1,0,0,0,0,1,1,2,0,1,1,0,0,1,0,9,3,5,0,0,2,2,4,0,0,9,1,bis_360,
11834,WV_zu_ALLE,19,03_2019,50,12669,253.4,20,1,3,2,8,4,2,1,2,1,1,0,0,0,1,0,0,1,0,0,1,3,0,2,0,1,0,0,3,2,0,0,1,2,1,0,5,2,0,0,0,8,1,bis_40,
11834,WV_zu_ALLE,20,03_2019,49,13854,282.7,13,2,4,6,1,2,4,3,2,2,0,2,1,4,0,1,0,0,1,0,0,1,0,2,0,0,0,0,1,0,0,1,1,2,0,0,3,1,1,1,0,6,1,bis_30,
11834,WV_zu_ALLE,21,03_2019,20,5557,277.9,7,0,0,1,4,2,2,0,1,1,0,0,0,1,0,0,0,1,0,0,0,1,1,0,0,0,0,0,1,0,0,1,0,0,1,0,1,0,0,1,0,4,1,bis_40,
11834,WV_zu_ALLE,22,03_2019,11,1042,94.7,1,0,0,2,0,2,0,0,1,1,0,2,0,0,0,1,0,1,0,0,0,0,1,0,0,0,0,0,0,0,0,0,0,0,0,0,0,0,0,0,0,2,3,bis_30,Max_Wert_ist_mehrfach_vorhanden!
11834,WV_zu_ALLE,23,03_2019,8,1289,161.1,3,1,0,1,0,2,1,0,0,0,0,0,0,0,0,1,0,0,0,0,0,0,0,0,0,0,0,0,0,0,0,1,0,0,0,0,1,0,0,0,0,2,1,bis_50,
11837,WV_zu_ALLE,8,03_2019,1,328,328,1,0,0,0,0,0,0,0,0,0,0,0,0,0,0,0,0,0,0,0,0,0,0,0,0,0,0,0,0,0,0,1,0,0,0,0,0,0,0,0,0,1,1,bis_360,
11837,WV_zu_ALLE,9,03_2019,2,1698,849,2,0,0,0,0,0,0,0,0,0,0,0,0,0,0,0,0,1,0,0,0,0,0,0,0,0,0,0,0,0,0,0,0,0,0,0,0,1,0,0,0,1,2,bis_170,Max_Wert_ist_mehrfach_vorhanden!
11837,WV_zu_ALLE,10,03_2019,1,528,528,1,0,0,0,0,0,0,0,0,0,0,0,0,0,0,0,0,0,0,0,0,0,0,0,0,0,0,0,0,0,0,0,0,0,1,0,0,0,0,0,0,1,1,bis_540,
11837,WV_zu_ALLE,12,03_2019,0,0,0,1,0,0,0,0,0,0,0,0,0,0,0,0,0,0,0,0,0,0,0,0,0,0,0,0,0,0,0,0,0,0,0,0,0,0,0,0,0,0,0,0,0,40,bis_10,Max_Wert_ist_mehrfach_vorhanden!
11837,WV_zu_ALLE,13,03_2019,0,0,0,1,0,0,0,0,0,0,0,0,0,0,0,0,0,0,0,0,0,0,0,0,0,0,0,0,0,0,0,0,0,0,0,0,0,0,0,0,0,0,0,0,0,40,bis_10,Max_Wert_ist_mehrfach_vorhanden!
11837,WV_zu_ALLE,15,03_2019,1,696,696,0,0,0,0,0,0,0,0,0,0,0,0,0,0,0,0,0,0,0,0,0,0,0,0,0,0,0,0,0,0,0,0,0,0,0,0,1,0,0,0,0,1,1,bis_1200,
11837,WV_zu_ALLE,16,03_2019,1,21,21,1,0,0,1,0,0,0,0,0,0,0,0,0,0,0,0,0,0,0,0,0,0,0,0,0,0,0,0,0,0,0,0,0,0,0,0,0,0,0,0,0,1,1,bis_30,
11837,WV_zu_ALLE,19,03_2019,1,96,96,1,0,0,0,0,0,0,0,0,0,1,0,0,0,0,0,0,0,0,0,0,0,0,0,0,0,0,0,0,0,0,0,0,0,0,0,0,0,0,0,0,1,1,bis_100,
11837,WV_zu_ALLE,20,03_2019,1,70,70,1,0,0,0,0,0,0,1,0,0,0,0,0,0,0,0,0,0,0,0,0,0,0,0,0,0,0,0,0,0,0,0,0,0,0,0,0,0,0,0,0,1,1,bis_70,
11834,WV_zu_Ausland,0,03_2019,4,312,78,2,0,0,1,1,0,0,0,0,1,0,0,0,0,0,0,0,1,0,0,0,0,0,0,0,0,0,0,0,0,0,0,0,0,0,0,0,0,0,0,0,1,4,bis_30,Max_Wert_ist_mehrfach_vorhanden!
11834,WV_zu_Ausland,1,03_2019,2,242,121,1,0,0,1,0,0,0,0,0,0,0,0,0,0,0,0,0,0,0,0,0,0,0,1,0,0,0,0,0,0,0,0,0,0,0,0,0,0,0,0,0,1,2,bis_30,Max_Wert_ist_mehrfach_vorhanden!
11834,WV_zu_Ausland,2,03_2019,1,228,228,1,0,0,0,0,0,0,0,0,0,0,0,0,0,0,0,0,0,0,0,0,0,0,1,0,0,0,0,0,0,0,0,0,0,0,0,0,0,0,0,0,1,1,bis_230,
11834,WV_zu_Ausland,3,03_2019,3,568,189.3,1,0,0,1,0,0,0,0,0,0,0,0,0,0,1,0,0,0,0,0,0,0,0,0,0,0,0,0,0,0,0,0,1,0,0,0,0,0,0,0,0,1,3,bis_30,Max_Wert_ist_mehrfach_vorhanden!
11834,WV_zu_Ausland,4,03_2019,6,738,123,0,1,1,0,0,1,1,0,0,0,0,1,0,0,0,0,0,0,0,0,0,0,0,0,0,0,0,0,0,0,0,0,0,0,1,0,0,0,0,0,0,1,6,bis_10,Max_Wert_ist_mehrfach_vorhanden!
11834,WV_zu_Ausland,5,03_2019,1,11,11,1,0,1,0,0,0,0,0,0,0,0,0,0,0,0,0,0,0,0,0,0,0,0,0,0,0,0,0,0,0,0,0,0,0,0,0,0,0,0,0,0,1,1,bis_20,
11834,WV_zu_Ausland,6,03_2019,6,483,80.5,1,0,1,0,1,0,0,0,0,1,0,1,1,0,1,0,0,0,0,0,0,0,0,0,0,0,0,0,0,0,0,0,0,0,0,0,0,0,0,0,0,1,6,bis_20,Max_Wert_ist_mehrfach_vorhanden!
11834,WV_zu_Ausland,7,03_2019,13,2327,179,3,0,2,3,1,0,0,0,0,0,1,0,0,0,1,0,0,0,0,0,0,0,0,0,0,0,1,0,1,0,1,0,0,0,0,2,0,0,0,0,0,3,1,bis_30,
11834,WV_zu_Ausland,8,03_2019,62,10803,174.2,10,2,3,6,3,4,2,2,1,4,2,3,1,2,1,3,2,2,1,1,0,0,0,1,0,0,1,2,2,1,0,5,1,0,0,0,4,0,0,0,0,6,1,bis_30,
11834,WV_zu_Ausland,9,03_2019,149,27006,181.2,22,6,3,6,1,7,13,10,6,6,6,5,4,10,5,1,2,4,5,3,2,2,2,3,3,1,3,2,0,1,2,3,7,4,6,1,3,1,0,0,0,13,1,bis_60,
11834,WV_zu_Ausland,10,03_2019,158,36849,233.2,52,4,10,7,4,6,6,4,14,5,4,4,4,7,4,3,7,1,5,2,3,2,3,7,1,1,2,2,4,0,2,4,10,3,1,2,7,1,0,2,0,14,1,bis_80,
11834,WV_zu_Ausland,11,03_2019,167,34252,205.1,43,3,4,4,4,4,6,10,8,9,6,11,7,6,2,3,5,5,4,6,8,7,4,3,3,1,0,1,1,1,0,7,6,5,3,3,6,0,0,1,0,11,1,bis_110,
11834,WV_zu_Ausland,12,03_2019,79,16038,203,24,2,3,6,5,9,3,4,2,1,4,0,2,2,3,1,5,5,0,1,0,0,3,1,1,0,0,0,0,0,1,5,1,1,3,2,1,1,0,1,0,9,1,bis_50,
11834,WV_zu_Ausland,13,03_2019,80,16306,203.8,16,6,1,4,4,6,1,1,4,6,4,4,5,1,2,3,1,4,1,2,1,1,1,1,1,1,0,0,0,0,0,2,0,1,3,3,3,2,0,0,0,6,3,bis_10,Max_Wert_ist_mehrfach_vorhanden!
11834,WV_zu_Ausland,14,03_2019,119,25026,210.3,37,4,7,4,7,9,5,4,2,10,6,3,2,1,5,5,0,1,1,2,2,2,1,2,1,1,1,2,2,1,2,7,2,5,1,0,8,0,0,1,0,10,1,bis_90,
11834,WV_zu_Ausland,15,03_2019,102,21894,214.6,33,4,2,6,8,4,3,2,2,3,3,2,2,4,5,5,1,2,1,2,3,4,3,0,4,3,1,1,1,1,0,4,3,4,0,3,4,2,0,0,0,8,1,bis_40,
11834,WV_zu_Ausland,16,03_2019,89,21809,245,35,5,2,2,4,6,5,4,3,1,1,7,3,4,3,0,2,1,1,0,1,2,3,2,1,1,0,0,1,2,0,6,3,2,1,3,5,1,1,0,0,7,1,bis_110,
11834,WV_zu_Ausland,17,03_2019,83,17484,210.7,32,1,2,3,8,6,3,3,4,7,1,1,2,9,2,1,3,4,1,1,1,0,1,1,0,3,0,2,0,2,1,2,0,1,1,0,3,2,1,0,0,9,1,bis_130,
11834,WV_zu_Ausland,18,03_2019,62,21895,353.1,12,0,5,5,3,5,1,1,3,1,2,2,2,2,1,0,1,0,0,0,0,1,1,1,0,1,1,0,0,1,0,9,2,3,0,0,2,2,4,0,0,9,1,bis_360,
11834,WV_zu_Ausland,19,03_2019,39,9126,234,15,1,3,2,7,1,2,0,1,1,1,0,0,0,1,0,0,1,0,0,1,3,0,2,0,1,0,0,1,2,0,0,1,2,1,0,3,1,0,0,0,7,1,bis_40,
11834,WV_zu_Ausland,20,03_2019,40,10170,254.3,13,2,3,5,1,2,3,2,2,0,0,1,1,4,0,1,0,0,1,0,0,1,0,2,0,0,0,0,1,0,0,1,1,2,0,0,3,0,0,1,0,5,1,bis_30,
11834,WV_zu_Ausland,21,03_2019,12,4913,409.4,6,0,0,0,1,2,0,0,1,1,0,0,0,0,0,0,0,1,0,0,0,1,1,0,0,0,0,0,0,0,0,1,0,0,1,0,1,0,0,1,0,2,1,bis_50,
11834,WV_zu_Ausland,22,03_2019,7,608,86.9,1,0,0,2,0,1,0,0,0,1,0,2,0,0,0,0,0,0,0,0,0,0,1,0,0,0,0,0,0,0,0,0,0,0,0,0,0,0,0,0,0,2,2,bis_30,Max_Wert_ist_mehrfach_vorhanden!
11834,WV_zu_Ausland,23,03_2019,6,1198,199.7,2,1,0,1,0,0,1,0,0,0,0,0,0,0,0,1,0,0,0,0,0,0,0,0,0,0,0,0,0,0,0,1,0,0,0,0,1,0,0,0,0,1,6,bis_10,Max_Wert_ist_mehrfach_vorhanden!
11833,WV_zu_MobFu,0,03_2019,9,453,50.3,5,0,2,2,2,0,1,0,0,0,0,0,2,0,0,0,0,0,0,0,0,0,0,0,0,0,0,0,0,0,0,0,0,0,0,0,0,0,0,0,0,2,4,bis_20,Max_Wert_ist_mehrfach_vorhanden!
11833,WV_zu_MobFu,1,03_2019,6,555,92.5,1,1,0,1,0,0,1,0,2,0,0,0,0,0,0,0,0,0,0,0,0,0,0,0,0,0,0,0,0,0,0,1,0,0,0,0,0,0,0,0,0,2,1,bis_80,
11833,WV_zu_MobFu,2,03_2019,2,133,66.5,5,0,0,0,1,0,0,0,0,0,0,1,0,0,0,0,0,0,0,0,0,0,0,0,0,0,0,0,0,0,0,0,0,0,0,0,0,0,0,0,0,1,2,bis_40,Max_Wert_ist_mehrfach_vorhanden!
11833,WV_zu_MobFu,3,03_2019,2,31,15.5,1,1,0,1,0,0,0,0,0,0,0,0,0,0,0,0,0,0,0,0,0,0,0,0,0,0,0,0,0,0,0,0,0,0,0,0,0,0,0,0,0,1,2,bis_10,Max_Wert_ist_mehrfach_vorhanden!
11833,WV_zu_MobFu,4,03_2019,2,618,309,2,0,0,0,0,0,0,0,0,0,0,0,0,0,0,0,0,0,0,0,0,0,0,0,0,0,0,0,0,0,0,2,0,0,0,0,0,0,0,0,0,2,1,bis_360,
11833,WV_zu_MobFu,5,03_2019,2,222,111,0,0,0,0,1,0,0,0,0,0,0,0,0,0,0,0,0,0,0,1,0,0,0,0,0,0,0,0,0,0,0,0,0,0,0,0,0,0,0,0,0,1,2,bis_40,Max_Wert_ist_mehrfach_vorhanden!
11833,WV_zu_MobFu,6,03_2019,8,920,115,8,0,0,2,1,2,2,0,0,0,0,0,0,0,0,0,0,0,0,0,0,0,0,0,0,0,0,0,0,0,0,0,0,0,0,0,1,0,0,0,0,2,3,bis_30,Max_Wert_ist_mehrfach_vorhanden!
11833,WV_zu_MobFu,7,03_2019,20,1889,94.5,13,2,2,1,2,4,1,0,0,1,2,0,0,0,0,1,1,0,0,0,0,0,0,0,0,1,0,0,0,0,0,2,0,0,0,0,0,0,0,0,0,4,1,bis_50,
11833,WV_zu_MobFu,8,03_2019,75,6745,89.9,33,7,7,12,5,4,4,5,3,3,5,2,0,3,3,1,0,3,0,0,0,1,0,1,0,0,1,1,0,0,0,1,1,1,0,0,1,0,0,0,0,12,1,bis_30,
11833,WV_zu_MobFu,9,03_2019,151,14473,95.8,47,13,14,12,23,9,17,11,5,3,4,6,1,2,5,1,3,3,1,1,3,1,2,0,0,0,1,1,0,1,0,3,1,1,0,0,3,0,0,0,0,23,1,bis_40,
11833,WV_zu_MobFu,10,03_2019,179,20225,113,64,15,16,26,21,18,20,6,7,2,1,4,3,2,3,2,3,2,3,0,1,0,1,0,2,0,3,0,1,0,0,2,3,2,3,1,5,1,0,0,0,26,1,bis_30,
11833,WV_zu_MobFu,11,03_2019,141,15398,109.2,52,10,11,18,15,13,7,5,4,7,5,8,1,4,3,0,1,4,3,3,3,2,2,0,2,0,0,0,0,0,1,0,2,3,1,1,1,1,0,0,0,18,1,bis_30,
11833,WV_zu_MobFu,12,03_2019,115,11922,103.7,54,10,21,10,12,11,6,5,6,3,3,2,1,3,1,1,2,1,0,2,0,0,1,1,1,0,0,1,0,0,0,4,3,2,0,0,1,0,1,0,0,21,1,bis_20,
11833,WV_zu_MobFu,13,03_2019,97,8349,86.1,33,12,14,13,7,10,7,4,4,4,4,3,2,0,2,0,1,0,0,0,2,0,0,1,0,0,0,0,0,0,1,2,1,1,0,0,1,1,0,0,0,14,1,bis_20,
11833,WV_zu_MobFu,14,03_2019,97,9397,96.9,37,6,14,14,11,9,3,3,4,6,3,1,2,1,2,3,1,0,1,0,0,1,0,1,1,0,0,0,2,0,0,2,2,1,0,1,2,0,0,0,0,14,2,bis_20,Max_Wert_ist_mehrfach_vorhanden!
11833,WV_zu_MobFu,15,03_2019,124,13210,106.5,50,8,16,13,10,7,11,9,6,4,3,2,2,1,5,2,0,0,1,2,1,2,1,2,1,1,3,0,0,1,1,3,0,1,1,1,3,0,0,0,0,16,1,bis_20,
11833,WV_zu_MobFu,16,03_2019,134,12897,96.2,45,14,15,24,10,14,7,5,2,3,4,1,3,2,2,2,0,2,1,0,2,2,1,0,1,3,1,1,0,2,0,5,2,2,0,0,0,1,0,0,0,24,1,bis_30,
11833,WV_zu_MobFu,17,03_2019,117,15849,135.5,55,13,12,13,7,12,13,5,2,2,2,2,1,4,2,1,1,5,1,3,1,0,2,1,0,0,1,0,0,0,0,2,1,1,0,1,5,0,1,0,0,13,3,bis_10,Max_Wert_ist_mehrfach_vorhanden!
11833,WV_zu_MobFu,18,03_2019,110,16183,147.1,47,10,16,16,7,11,4,5,0,3,1,2,4,3,1,3,0,0,2,1,0,1,0,1,0,1,0,0,0,1,0,5,0,2,3,2,4,0,1,0,0,16,2,bis_20,Max_Wert_ist_mehrfach_vorhanden!
11833,WV_zu_MobFu,19,03_2019,81,17903,221,48,11,12,8,6,7,4,2,4,3,0,2,0,0,3,1,2,0,0,1,2,1,0,0,1,0,0,0,0,1,0,0,1,1,1,0,4,0,1,2,0,12,1,bis_20,
11833,WV_zu_MobFu,20,03_2019,45,4911,109.1,26,6,6,6,5,5,3,1,1,2,1,0,0,1,1,0,0,0,1,2,1,0,0,0,0,0,0,0,0,0,0,1,0,0,1,0,0,1,0,0,0,6,3,bis_10,Max_Wert_ist_mehrfach_vorhanden!
11833,WV_zu_MobFu,21,03_2019,34,2359,69.4,19,4,6,7,3,3,2,2,1,0,0,0,0,1,1,0,0,0,1,0,0,1,0,0,0,0,0,0,0,0,0,0,1,1,0,0,0,0,0,0,0,7,1,bis_30,
11833,WV_zu_MobFu,22,03_2019,16,1682,105.1,12,4,1,2,1,1,1,0,0,0,0,0,0,0,1,0,1,0,1,0,0,0,1,0,0,0,0,0,0,0,0,1,0,1,0,0,0,0,0,0,0,4,1,bis_10,
11833,WV_zu_MobFu,23,03_2019,9,1310,145.6,7,1,1,0,2,0,0,2,0,0,0,0,1,0,0,0,0,0,0,0,0,0,0,0,0,0,0,0,0,0,0,0,0,1,1,0,0,0,0,0,0,2,2,bis_40,Max_Wert_ist_mehrfach_vorhanden!
11834,WV_zu_MobFu,8,03_2019,1,38,38,0,0,0,0,1,0,0,0,0,0,0,0,0,0,0,0,0,0,0,0,0,0,0,0,0,0,0,0,0,0,0,0,0,0,0,0,0,0,0,0,0,1,1,bis_40,
11834,WV_zu_MobFu,9,03_2019,2,91,45.5,0,0,0,0,0,2,0,0,0,0,0,0,0,0,0,0,0,0,0,0,0,0,0,0,0,0,0,0,0,0,0,0,0,0,0,0,0,0,0,0,0,2,1,bis_50,
11834,WV_zu_MobFu,10,03_2019,0,0,0,1,0,0,0,0,0,0,0,0,0,0,0,0,0,0,0,0,0,0,0,0,0,0,0,0,0,0,0,0,0,0,0,0,0,0,0,0,0,0,0,0,0,40,bis_10,Max_Wert_ist_mehrfach_vorhanden!
11834,WV_zu_MobFu,11,03_2019,3,1787,595.7,0,0,0,0,1,0,0,0,0,0,0,0,0,0,0,0,0,0,0,0,0,0,0,0,1,0,0,0,0,0,0,0,0,0,0,0,0,1,0,0,0,1,3,bis_40,Max_Wert_ist_mehrfach_vorhanden!
11834,WV_zu_MobFu,15,03_2019,1,407,407,0,0,0,0,0,0,0,0,0,0,0,0,0,0,0,0,0,0,0,0,0,0,0,0,0,0,0,0,0,0,0,0,1,0,0,0,0,0,0,0,0,1,1,bis_420,
11834,WV_zu_MobFu,16,03_2019,1,12,12,0,0,1,0,0,0,0,0,0,0,0,0,0,0,0,0,0,0,0,0,0,0,0,0,0,0,0,0,0,0,0,0,0,0,0,0,0,0,0,0,0,1,1,bis_20,
11834,WV_zu_MobFu,18,03_2019,0,0,0,1,0,0,0,0,0,0,0,0,0,0,0,0,0,0,0,0,0,0,0,0,0,0,0,0,0,0,0,0,0,0,0,0,0,0,0,0,0,0,0,0,0,40,bis_10,Max_Wert_ist_mehrfach_vorhanden!
11837,WV_zu_MobFu,16,03_2019,1,21,21,0,0,0,1,0,0,0,0,0,0,0,0,0,0,0,0,0,0,0,0,0,0,0,0,0,0,0,0,0,0,0,0,0,0,0,0,0,0,0,0,0,1,1,bis_30,
11833,WV_zu_VZ,0,03_2019,491,32000,65.2,7,3,0,24,126,138,67,41,19,19,13,7,4,3,4,3,2,0,1,1,0,0,2,0,1,1,1,0,0,0,0,3,1,1,3,1,2,0,0,0,0,138,1,bis_50,
11833,WV_zu_VZ,1,03_2019,320,21480,67.1,8,1,1,17,82,81,45,19,21,10,5,9,4,6,2,3,0,0,0,2,0,1,1,0,0,0,3,0,0,2,0,2,1,0,1,0,0,1,0,0,0,82,1,bis_40,
11833,WV_zu_VZ,2,03_2019,197,15441,78.4,1,1,0,8,53,45,28,11,13,5,7,2,1,3,2,1,1,2,0,0,0,0,1,0,2,0,2,2,0,1,2,1,0,0,0,0,3,0,0,0,0,53,1,bis_40,
11833,WV_zu_VZ,3,03_2019,120,7724,64.4,2,0,0,5,31,25,14,5,9,12,3,8,3,1,1,0,0,0,0,1,0,1,0,0,0,0,0,0,0,0,0,0,1,0,0,0,0,0,0,0,0,31,1,bis_40,
11833,WV_zu_VZ,4,03_2019,80,5640,70.5,0,0,0,4,13,22,15,2,4,2,2,3,2,1,1,2,0,3,0,2,0,0,0,0,1,0,0,1,0,0,0,0,0,0,0,0,0,0,0,0,0,22,1,bis_50,
11833,WV_zu_VZ,5,03_2019,73,6381,87.4,1,0,0,4,10,15,4,3,8,6,3,5,1,2,0,2,2,0,1,1,1,0,1,0,1,0,0,1,1,0,0,1,0,0,0,0,0,0,0,0,0,15,1,bis_50,
11833,WV_zu_VZ,6,03_2019,60,4977,83,1,0,1,1,10,10,11,4,1,3,3,3,2,1,1,1,0,0,2,1,2,1,0,0,0,1,0,0,0,1,0,0,0,0,0,0,0,0,0,0,0,11,1,bis_60,
11833,WV_zu_VZ,7,03_2019,105,12095,115.2,4,0,0,2,12,12,14,9,4,3,1,4,9,4,1,7,4,4,0,1,1,2,0,0,3,0,1,2,1,0,0,3,0,0,0,0,1,0,0,0,0,14,1,bis_60,
11833,WV_zu_VZ,8,03_2019,133,11044,83,13,1,1,3,12,28,17,18,7,7,8,5,4,1,3,3,1,2,2,2,0,0,2,1,0,0,2,0,0,0,0,2,1,0,0,0,0,0,0,0,0,28,1,bis_50,
11833,WV_zu_VZ,9,03_2019,170,17427,102.5,8,0,1,5,19,23,26,11,13,12,12,6,6,4,3,4,2,1,2,3,0,2,2,0,1,2,2,0,0,1,0,1,1,2,0,1,2,0,0,0,0,26,1,bis_60,
11833,WV_zu_VZ,10,03_2019,158,16325,103.3,8,1,0,6,14,21,19,15,16,9,12,7,1,4,3,4,0,3,4,1,4,1,1,1,2,1,0,0,1,0,0,3,2,1,0,0,1,0,0,0,0,21,1,bis_50,
11833,WV_zu_VZ,11,03_2019,150,16034,106.9,4,0,1,4,18,22,14,16,10,8,5,7,6,3,2,7,4,2,5,0,0,1,1,0,1,0,0,1,2,0,0,5,3,0,0,1,1,0,0,0,0,22,1,bis_50,
11833,WV_zu_VZ,12,03_2019,136,13479,99.1,7,0,1,6,19,21,15,12,9,7,3,4,5,5,3,4,3,1,2,1,1,1,0,2,1,2,1,0,0,1,0,4,0,0,0,1,1,0,0,0,0,21,1,bis_50,
11833,WV_zu_VZ,13,03_2019,156,17039,109.2,3,2,0,5,17,26,20,11,2,12,9,1,4,3,7,5,2,2,1,2,2,3,2,1,2,3,2,1,1,0,0,2,2,2,1,0,1,0,0,0,0,26,1,bis_50,
11833,WV_zu_VZ,14,03_2019,141,13480,95.6,12,1,0,4,24,17,11,10,8,7,11,7,7,4,7,2,4,1,1,2,3,0,1,2,0,0,0,0,0,1,0,5,1,0,0,0,0,0,0,0,0,24,1,bis_40,
11833,WV_zu_VZ,15,03_2019,153,19895,130,9,0,1,7,19,26,14,8,4,7,9,5,6,4,1,3,6,4,4,3,1,0,0,0,1,4,2,1,0,0,1,6,1,0,0,1,4,0,0,0,0,26,1,bis_50,
11833,WV_zu_VZ,16,03_2019,236,20454,86.7,19,0,1,10,36,48,32,15,24,11,9,8,0,7,5,0,2,3,3,2,0,2,0,1,4,2,0,1,0,1,2,5,0,0,0,1,1,0,0,0,0,48,1,bis_50,
11833,WV_zu_VZ,17,03_2019,299,24011,80.3,9,2,1,12,61,51,39,30,20,15,12,10,5,5,2,3,5,4,3,1,2,3,0,3,1,0,1,0,0,0,1,1,0,1,2,1,2,0,0,0,0,61,1,bis_40,
11833,WV_zu_VZ,18,03_2019,396,27884,70.4,25,3,0,20,74,102,52,37,27,15,12,6,8,4,8,3,1,2,2,1,0,2,4,1,2,1,1,0,1,1,1,2,2,0,0,0,1,0,0,0,0,102,1,bis_50,
11833,WV_zu_VZ,19,03_2019,574,40102,69.9,40,0,0,24,132,140,85,49,36,20,16,12,6,4,7,4,6,3,4,3,1,3,2,1,2,0,0,2,1,1,2,0,2,1,1,2,2,0,0,0,0,140,1,bis_50,
11833,WV_zu_VZ,20,03_2019,653,43888,67.2,47,0,1,35,130,184,95,53,41,25,19,12,9,6,4,6,4,4,1,1,3,1,0,0,1,2,4,2,0,0,1,4,1,0,0,0,4,0,0,0,0,184,1,bis_50,
11833,WV_zu_VZ,21,03_2019,757,46494,61.4,27,3,1,33,206,194,109,67,36,25,16,16,5,5,3,5,5,1,3,0,0,3,1,2,1,1,1,2,1,1,3,4,2,0,1,1,0,0,0,0,0,206,1,bis_40,
11833,WV_zu_VZ,22,03_2019,873,50499,57.8,14,2,1,56,278,223,119,61,37,24,13,9,7,5,6,2,3,4,1,3,0,1,2,1,0,0,1,0,0,0,2,6,0,2,1,2,1,0,0,0,0,278,1,bis_40,
11833,WV_zu_VZ,23,03_2019,702,36769,52.4,12,0,0,54,246,188,83,41,24,11,13,11,5,3,3,4,2,1,2,1,1,1,0,0,3,0,0,1,0,1,1,1,1,0,0,0,0,0,0,0,0,246,1,bis_40,
11834,WV_zu_VZ,0,03_2019,2,64,32,0,0,0,1,1,0,0,0,0,0,0,0,0,0,0,0,0,0,0,0,0,0,0,0,0,0,0,0,0,0,0,0,0,0,0,0,0,0,0,0,0,1,2,bis_30,Max_Wert_ist_mehrfach_vorhanden!
11834,WV_zu_VZ,1,03_2019,1,111,111,0,0,0,0,0,0,0,0,0,0,0,0,1,0,0,0,0,0,0,0,0,0,0,0,0,0,0,0,0,0,0,0,0,0,0,0,0,0,0,0,0,1,1,bis_120,
11834,WV_zu_VZ,7,03_2019,1,103,103,0,0,0,0,0,0,0,0,0,0,0,1,0,0,0,0,0,0,0,0,0,0,0,0,0,0,0,0,0,0,0,0,0,0,0,0,0,0,0,0,0,1,1,bis_110,
11834,WV_zu_VZ,9,03_2019,1,129,129,0,0,0,0,0,0,0,0,0,0,0,0,0,1,0,0,0,0,0,0,0,0,0,0,0,0,0,0,0,0,0,0,0,0,0,0,0,0,0,0,0,1,1,bis_130,
11834,WV_zu_VZ,10,03_2019,1,150,150,0,0,0,0,0,0,0,0,0,0,0,0,0,0,0,1,0,0,0,0,0,0,0,0,0,0,0,0,0,0,0,0,0,0,0,0,0,0,0,0,0,1,1,bis_150,
11834,WV_zu_VZ,11,03_2019,2,234,117,0,0,0,0,0,0,0,0,0,0,0,1,0,1,0,0,0,0,0,0,0,0,0,0,0,0,0,0,0,0,0,0,0,0,0,0,0,0,0,0,0,1,2,bis_110,Max_Wert_ist_mehrfach_vorhanden!
11834,WV_zu_VZ,12,03_2019,2,107,53.5,0,0,0,0,1,0,0,1,0,0,0,0,0,0,0,0,0,0,0,0,0,0,0,0,0,0,0,0,0,0,0,0,0,0,0,0,0,0,0,0,0,1,2,bis_40,Max_Wert_ist_mehrfach_vorhanden!
11834,WV_zu_VZ,13,03_2019,3,370,123.3,1,0,0,0,0,0,0,0,1,1,0,0,0,0,0,0,0,0,0,0,0,1,0,0,0,0,0,0,0,0,0,0,0,0,0,0,0,0,0,0,0,1,3,bis_80,Max_Wert_ist_mehrfach_vorhanden!
11834,WV_zu_VZ,15,03_2019,1,27,27,1,0,0,1,0,0,0,0,0,0,0,0,0,0,0,0,0,0,0,0,0,0,0,0,0,0,0,0,0,0,0,0,0,0,0,0,0,0,0,0,0,1,1,bis_30,
11834,WV_zu_VZ,19,03_2019,3,119,39.7,0,0,0,0,1,2,0,0,0,0,0,0,0,0,0,0,0,0,0,0,0,0,0,0,0,0,0,0,0,0,0,0,0,0,0,0,0,0,0,0,0,2,1,bis_50,
11834,WV_zu_VZ,20,03_2019,1,57,57,0,0,0,0,0,0,1,0,0,0,0,0,0,0,0,0,0,0,0,0,0,0,0,0,0,0,0,0,0,0,0,0,0,0,0,0,0,0,0,0,0,1,1,bis_60,
11834,WV_zu_VZ,21,03_2019,4,184,46,0,0,0,0,2,0,2,0,0,0,0,0,0,0,0,0,0,0,0,0,0,0,0,0,0,0,0,0,0,0,0,0,0,0,0,0,0,0,0,0,0,2,2,bis_40,Max_Wert_ist_mehrfach_vorhanden!
11834,WV_zu_VZ,22,03_2019,2,222,111,0,0,0,0,0,0,0,0,1,0,0,0,0,0,0,1,0,0,0,0,0,0,0,0,0,0,0,0,0,0,0,0,0,0,0,0,0,0,0,0,0,1,2,bis_80,Max_Wert_ist_mehrfach_vorhanden!
11834,WV_zu_VZ,23,03_2019,2,91,45.5,0,0,0,0,0,2,0,0,0,0,0,0,0,0,0,0,0,0,0,0,0,0,0,0,0,0,0,0,0,0,0,0,0,0,0,0,0,0,0,0,0,2,1,bis_50,
